designation,l,b,parallax,phot_g_mean_mag,SIMBAD_ID,Spectral_Type,distance,adjusted_mag,X,Y,Z,interim_ID,Absolute_Mag,star_name
Gaia DR3 3359074685047632640,195.67058984819792,4.865418933027077,100.02319547433648,8.878268241882324,HD 260655,M0.0V,9.997680990471613,8.879427881112436,-9.591386454815677,-2.690705622362967,0.8479589113867141,HD 260655,,
Gaia DR3 102162639019033600,150.52864571869222,-32.41448374342848,100.14654474186186,11.529306411743164,G  36-24,M3.5Ve,9.98536696975022,11.536628285235325,-7.338799850701495,4.147250945915607,-5.352558254099111,G 36-24,,
Gaia DR3 1618010323247026560,102.24706650375107,53.23907922049297,100.31097867293174,14.84373664855957,LP   98-79,M6.5V,9.968998540633752,14.859261455279194,-1.2656000414455055,5.83044003518546,7.986561051814328,LP 98-79,,
Gaia DR3 527956488339113600,121.10296489808651,4.428550546726423,100.3966028700123,11.106810569763184,BD+66    34B,M3V,9.960496385467764,11.126601493468362,-5.13000767289972,8.503116022383074,0.7691082048701775,BD+66 34B,,
Gaia DR3 1187851653287128576,18.154366146071197,59.452941754689185,100.52427049433877,9.123367309570312,BD+16  2708,M3V,9.947846376625206,9.14951235862696,4.804269109559837,1.5753243797407634,8.567204850735084,BD+16 2708,,
Gaia DR3 4535928365908541440,54.287495701536606,13.141726181582216,100.5552800669169,12.936422348022461,G 184-19B,M4.5Ve,9.944778626587548,12.964109551551674,5.65292264949346,7.863252420368149,2.261050380741388,G 184-19B,,
Gaia DR3 6109610086872510592,316.84188140385913,18.208099193554705,100.60251218748147,11.695198059082031,L  403-34,M5e,9.940109628042029,11.725233276123584,6.887927129583811,-6.4587258205466505,3.1059781148683543,L 403-34,,
Gaia DR3 4535928365908540416,54.28621769227729,13.141309255300516,100.68500426698174,10.725493431091309,G 184-19,M4.5V,9.931965611764257,10.759626869700279,5.6458240897279754,7.853008688771647,2.2580668269987125,G 184-19,,
Gaia DR3 3243715604392800512,194.98684303479476,-42.543062072190324,100.72988106724877,11.477212905883789,G 160-28,M3V,9.92754075955262,11.51357442217109,-7.065513496777332,-1.891459783832599,-6.7124484687467,G 160-28,,
Gaia DR3 6792436799475128960,11.138564830991406,-36.34391028754237,100.79210677742213,9.575837135314941,V* AT Mic A,M4.5Ve,9.921411824522,9.615286439332827,7.840906695810757,1.543806183410479,-5.879732753061023,AT Mic A,,
Gaia DR3 3840711729206827520,233.42541416602512,34.92565877634165,100.90325241620975,10.501791954040527,G  48-20,M3.5V,9.910483319954446,10.546751828578342,-4.8417678330752825,-6.525490920546553,5.673881575390632,G 48-20,,
Gaia DR3 272855565763652480,153.23892427790574,3.8862064980608197,100.91605993172233,7.952531337738037,HD 232979,M0.5V,9.909225555145325,7.99812581534633,-8.827522850072974,4.451577977957649,0.671598794182348,HD 232979,,
Gaia DR3 1412645602995521920,78.48029054871144,37.48185859357739,100.92736593436285,11.981025695800781,G 203-42,M5.0V,9.90811551200435,12.027180310683985,1.5701898278991524,7.704163323863799,6.029189363655379,G 203-42,,
Gaia DR3 5699418131466175488,243.62135424324973,6.175805665487661,101.04081512316355,11.059386253356934,UPM J0815-2344,,9.896990624838601,11.111158050121897,-4.371726444507137,-8.81503351968542,1.0647137499641095,UPM J0815-2344,,
Gaia DR3 4358031335898505472,13.72498277876821,28.409554492582206,101.07188811909556,5.55355167388916,*  12 Oph,K1V,9.893947947441871,5.606860880014265,8.45392156200631,2.0647495801976703,4.707252423782644, 12 Oph,,
Gaia DR3 4318384355378007424,51.86836690093425,-2.470052084550893,101.08168901119824,20.6184024810791,,,9.892988629119722,20.67219651127952,6.102950535645867,7.774537666225527,-0.42636000257117757,,,
Gaia DR3 527956488340229632,121.10311604313453,4.429592414714709,101.08642729912918,9.566636085510254,BD+66    34A,M2V,9.892524908817453,9.620664489360598,-5.095015061894083,8.445064527736259,0.764039078200172,BD+66 34A,,
Gaia DR3 522864272041351296,124.31374838473104,-0.47386972509562847,101.37235858535027,11.927245140075684,Wolf   47,M5V,9.8646220128937,11.995396491224948,-5.560736542519918,8.147534621186004,-0.08158528375870966,Wolf 47,,
Gaia DR3 522863309964987520,124.2355456921559,-0.49785026773339086,101.42379529598418,8.671337127685547,BD+61   195,M1.5V,9.859619205549436,8.742024853946097,-5.546776689457052,8.150952080491217,-0.08567039903641606,BD+61 195,,
Gaia DR3 1314438839310796800,55.2962222965597,39.82076293138506,101.56148649807155,7.486152648925781,HD 151288,K7.5Ve,9.846252102847943,7.563623685877095,4.305545781443712,6.2171218980535965,6.305422372963785,HD 151288,,
Gaia DR3 1589250088362827776,80.76548774184725,54.887498918486216,101.96447580239942,19.241777420043945,2MASSW J1515008+484742,L6.5,9.807337233194191,19.339048870977887,0.9052471427678341,5.567912105501506,8.022639590653288,2MASSW J1515008+484742,,
Gaia DR3 6792436799477051904,11.138068149181409,-36.344335648239245,101.97239029860124,9.605487823486328,V* AT Mic B,M4.5Ve,9.806576045454502,9.703147360025246,7.750122701328405,1.525861818130867,-5.811736191673408,AT Mic B,,
Gaia DR3 2358022227591374336,142.6648204158279,-80.47350701746134,102.28274631661318,12.697248458862305,G 268-110,dM5.0,9.776820001533101,12.81010253405512,-1.2865527547380011,0.9813395124846133,-9.641989634556253,G 268-110,,
Gaia DR3 4017860992519744384,210.5568295294853,74.57249483219499,102.30138546700663,9.582008361816406,Ross  905,M3V,9.77503868041466,9.695773512090291,-2.2392230282099024,-1.32199654613752,9.422822643217781,Ross 905,,
Gaia DR3 3200303384927512960,202.09184012783606,-31.540663072318484,102.59423728721372,14.904285430908203,LP  655-48,M7.5Ve,9.747136159319444,15.032343322807579,-7.697288153626528,-3.1242677087673454,-5.098761582218468,LP 655-48,,
Gaia DR3 5052876333365036928,228.74757921908096,-62.28729325737409,102.6992596547482,19.888164520263672,2MASS J02572581-3105523,L8.5,9.737168538135279,20.021338130793232,-2.9857653371167285,-3.4043226899792205,-8.620222938776955,2MASS J02572581-3105523,,
Gaia DR3 750586216906847104,187.33093023306938,62.81345401516603,102.75212885827295,11.625255584716797,G 119-36,M5V,9.732158458529945,11.761002514661444,-4.410169630336257,-0.567375757340718,8.656985436257692,G 119-36,,
Gaia DR3 1749030362195988096,52.00021210357913,-17.93982648517227,102.7965519033275,20.13521385192871,2MASS J20304235+0749358,T1.5,9.727952752154815,20.27312197529876,5.697910622204342,7.293048671096572,-2.9963845498440125,2MASS J20304235+0749358,,
Gaia DR3 4698424845771339520,295.3873717590519,-49.05306858566439,102.90778143705751,13.696557998657227,L   88-59,DA8.1,9.717438137675135,13.839873375377962,2.730370011046295,-5.753418240891174,-7.339745370767501,L 88-59,,
Gaia DR3 6794047652729201024,12.652982720029069,-36.80405271984334,102.9431913175485,7.84343957901001,HD 197481,M1VeBa1,9.714095582245003,7.988475126413761,7.5890785352071815,1.70372999139342,-5.819522668043839,HD 197481,,
Gaia DR3 6254033894121581952,349.1203050620713,27.711505328965064,103.17978190067224,10.685860633850098,L  768-119,dM4.5,9.691821222908446,10.842374314104863,8.425949008489969,-1.6194854336965678,4.5068890438072815,L 768-119,,
Gaia DR3 5946986063671469824,342.0794161039563,-8.662139966678373,103.202705055613,11.613845825195312,CD-48 11837B,M3V,9.689668497169029,11.771470217670533,9.114401955146779,-2.947488046470451,-1.4593377953579774,CD-48 11837B,,
Gaia DR3 5946986063684477056,342.07903090852153,-8.66337624850514,103.30805319435495,9.293614387512207,CD-48 11837,M1.5V,9.67978748102711,9.456340119441759,9.10505783771229,-2.9445338856059013,-1.458056119044055,CD-48 11837,,
Gaia DR3 1725759404752580736,120.60518197490312,32.9473750549107,103.44742930702999,20.12059211730957,2MASS J14053729+8350248,L8,9.666745773179333,20.290058958693674,-4.129999597313783,6.98200665192646,5.2574385666332955,2MASS J14053729+8350248,,
Gaia DR3 43574131143039104,173.10294485023766,-27.71064402920368,103.50079405457333,12.176141738891602,Wolf  227,M5V,9.661761623516874,12.34818723245543,-8.491729467962013,1.0271693371636343,-4.4927821520078,Wolf 227,,
Gaia DR3 5425628298649940608,268.4599695279489,8.635391189800862,104.0957433164141,9.631404876708984,CD-40  5404,M3V,9.606540749321084,9.832109369031794,-0.25525253292355715,-9.49420870505646,1.4423842683670487,CD-40 5404,,
Gaia DR3 6779821003058453120,9.09744056826912,-38.43220615640264,104.13101101563805,12.048600196838379,PM J20502-3424,M5e,9.603287149971331,12.250998405210039,7.428050385214872,1.1894405794672835,-5.969289963423641,PM J20502-3424,,
Gaia DR3 4025850731201819392,183.55511412022153,73.32516785814444,104.42517041496379,5.110995292663574,*  61 UMa,G8V,9.576235269966132,5.327498074314905,-2.7425147859525305,-0.17038750313070822,9.173541447737179, 61 UMa,,
Gaia DR3 2188318517720321664,93.74420921511421,11.703825709960824,104.44145826068146,12.352267265319824,Wolf 1069,dM5.0,9.5747418377101,12.569549867369174,-0.6122529880196432,9.355663832202344,1.9422620307976377,Wolf 1069,,
Gaia DR3 3478127463341507072,284.7727971945327,27.315798456595633,104.6132883058554,5.73832368850708,*  20 Crt,K0V,9.559015075372868,5.963825672641322,2.1656266199394327,-8.212353274721425,4.386580016982224, 20 Crt,,
Gaia DR3 3478127467639543296,284.77731344948063,27.314412529309994,104.6570356923785,14.54831314086914,*  20 Crt B,DC,9.555019338970476,14.77590559757133,2.165395473857442,-8.208852348214624,4.384541040417887, 20 Crt B,,
Gaia DR3 628080246633611520,211.71832310015515,49.20557096868108,104.76384886334955,12.363530158996582,G  42-24,M4.0Ve,9.545277410572863,12.596223022969985,-5.30493170325632,-3.2787366948815118,7.226334212739959,G 42-24,,
Gaia DR3 1349047857580994560,69.44907371567751,30.063531668575678,104.91474639894832,9.450096130371094,BD+43  2796,M2V,9.531548560365428,9.689985606924841,2.8958232605834553,7.724294363737764,4.774924311902449,BD+43 2796,,
Gaia DR3 1810616448010879488,60.08962036734447,-15.741769806334151,104.91901080176949,11.837387084960938,G 144-25,M4.5V,9.53116115333347,12.077479789197334,4.574411359627214,7.951811300363499,-2.585824952918869,G 144-25,,
Gaia DR3 970354749937140736,163.23801631376216,13.119914927411054,104.95896402103264,12.68153190612793,G 192-15,M5.0V,9.527533063299012,12.923528250790604,-8.884589162527083,2.6759845360464407,2.1626531039911248,G 192-15,,
Gaia DR3 5203276810942065536,292.5605928644795,-19.529655872391672,105.03359374375755,11.556602478027344,L   35-12,M4.5V,9.52076344678469,11.80215274510809,3.4425913955552288,-8.28635391522777,-3.182740938950266,L 35-12,,
Gaia DR3 1040827088726734976,157.2441150280974,36.96198054855202,105.29350582131478,13.082282066345215,G 234-45,dM5.5,9.497261889038251,13.340189857035481,-6.997951190086722,2.93532967644666,5.710560587255316,G 234-45,,
Gaia DR3 6078114541943893888,300.80203492908186,10.814162339306087,105.34666432766488,9.565008163452148,CD-51  6859,M3V(e),9.492469518442949,9.825439618429291,4.77451673054842,-8.008679606302273,1.7810161458784768,CD-51 6859,,
Gaia DR3 3409711211681795584,180.02134291127595,-17.4272545962121,105.42748417135273,9.004439353942871,HD 285968,M2.5V,9.485192669253934,9.268705237773093,-9.04980246291749,-0.0033710884397777246,-2.8407646841658387,HD 285968,,
Gaia DR3 4147112604476417792,14.93223421557942,3.2986018807827087,105.52292580796777,13.255206108093262,PM J18057-1422,M5.5V,9.476613658531562,13.523996355878817,9.141429941998608,2.4378542782739006,0.5452811811349719,PM J18057-1422,,
Gaia DR3 1143321672882274560,131.54540751113805,25.4573912286099,105.69034761779739,9.470074653625488,G 222-11,M2.5V,9.461601958357152,9.746791573924519,-5.6657852899510734,6.393787745798688,4.066972698240849,G 222-11,,
Gaia DR3 5368479017141170304,295.0068459941657,9.280384883469411,105.70523312526174,16.013761520385742,1RXS J115928.5-524717,M9Ve,9.460269566928538,16.291182594832016,3.9467627275794173,-8.461220328164613,1.5256194838156987,1RXS J115928.5-524717,,
Gaia DR3 5664814198431308288,253.8885467583608,22.080373039398538,105.97890913558383,9.891661643981934,L  678-39,M2.5V,9.435839717133272,10.18201123352051,-2.4264606825239716,-8.400367448110938,3.546996822709762,L 678-39,,
Gaia DR3 5412250540681250560,272.24322282522576,5.6588017321408355,106.17268218621597,9.158753395080566,CD-45  5378,M1V,9.418618607054713,9.458236694308034,0.3668634350468588,-9.365536550785928,0.9287156728922511,CD-45 5378,,
Gaia DR3 3186021141200137472,205.23046355471047,-33.657445598298665,106.33898970249588,13.600671768188477,EGGR  41,DQ8,9.403888477760562,13.907980875229349,-7.080739832407047,-3.3365427869626143,-5.21188297630423,EGGR 41,,
Gaia DR3 5020179503252128768,227.91128862744068,-73.42390955510055,106.60957230063393,11.050699234008789,CD-30   731,M2.5+V,9.380020746917992,11.370714824775852,-1.7936780632657896,-1.9858892673651594,-8.990203114264713,CD-30 731,,
Gaia DR3 3727748630418376704,353.28095914281346,68.64190509623592,106.84044046439892,11.051151275634766,Ross  837,M3.5Ve,9.35975175367437,11.381982900132751,3.3853694984035627,-0.39883013101853754,8.716946757683047,Ross 837,,
Gaia DR3 4667836363565989120,282.4765584091021,-42.41088342359056,106.86018732729843,20.045534133911133,2MASS J03400942-6724051,L7::,9.358022150355529,20.377289801691525,1.4926825444783807,-6.746116372079086,-6.31144922203457,2MASS J03400942-6724051,,
Gaia DR3 4485574134969389312,42.453074136762254,12.97790001004952,107.03389973358114,18.65237808227539,2MASS J18212815+1414010,L5,9.342834396290403,18.99225517346032,6.717346819501094,6.145200833488068,2.0981689586739987,2MASS J18212815+1414010,,
Gaia DR3 5138510181584617856,187.5271254484317,-70.52788193904641,107.29720247543435,9.170510292053223,BD-18   359,M2.5V,9.319907480616278,9.522672248644827,-3.080002250769486,-0.4069735153518136,-8.78684437897385,BD-18 359,,
Gaia DR3 5381537023379295232,289.79155241295547,20.709943784100474,107.30243385622761,4.701675891876221,HD 102365,G2V,9.319453101500754,5.0540816224500995,2.9516555001454567,-8.202332797851058,3.2957051738330496,HD 102365,,
Gaia DR3 423027104407576576,117.82066815267586,-3.335595319020624,107.38727063119035,13.467986106872559,GAT 1367,M6.0V,9.312090661419163,13.82434343724863,-4.338643080310439,8.221778586399612,-0.5418169288469176,GAT 1367,,
Gaia DR3 5381537023379295744,289.7957639218504,20.714872342743565,107.4237327880164,11.72474479675293,HD 102365B,M4V,9.30892991750101,12.082799533527922,2.9488289071100895,-8.192587815999131,3.2927327803330604,HD 102365B,,
Gaia DR3 1227133699053734528,3.276694061641082,66.11802481230879,107.7374959463015,18.32834243774414,2MASS J14162408+1348263,L5,9.281819585805296,18.700979884542786,3.751637905238965,0.21478700653860017,8.487122857201678,2MASS J14162408+1348263,,
Gaia DR3 3269362645115584640,178.22396554770404,-43.07099370696126,107.8023393880993,4.656490325927734,* kap01 Cet,G5V,9.276236542510446,5.03213619312595,-6.773110587087996,0.21001777320516113,-6.33477938863072,kap01 Cet,,
Gaia DR3 3085716990368639744,219.96153043800655,13.419813618890167,107.84878596134138,11.653467178344727,G 112-50,M4.5V,9.272241602779395,12.031266828598097,-6.91289884816072,-5.792705865457953,2.151941591145132,G 112-50,,
Gaia DR3 6401464693867773568,328.16063080840684,-40.29399090127165,108.01020563892783,4.089133262634277,* gam Pav,F9VFe-1.4CH-0.7,9.258384372889216,4.474410929275975,5.999132752087169,-3.7253291504692014,-5.987487798706456,gam Pav,,
Gaia DR3 2571094283835172736,149.93835639583037,-48.78674178956304,108.25824276088214,13.435259819030762,LP  469-67,M5.5V,9.237171918712672,13.832006436993975,-5.267384705599347,3.0486868026706304,-6.948777748517645,LP 469-67,,
Gaia DR3 2976850598890749824,217.5072110471745,-31.475585430953526,108.27324701475469,10.56169319152832,LP  776-46,M3V,9.235891852986798,10.959132745835902,-6.2485994137712835,-4.7959685557694085,-4.822384192321902,LP 776-46,,
Gaia DR3 2976507997939000064,218.91430527777797,-30.603354333675632,108.32540981694386,9.054889678955078,L  737-9,M3.5V,9.231444420010712,9.454737503191966,-6.182376081071925,-4.991097718377691,-4.6996527145675016,L 737-9,,
Gaia DR3 4371611781971072768,25.596619481926194,13.418474416728609,108.58090208988929,,2MASS J17502484-0016151,L5.5,9.209722711385695,,8.079121395676479,3.870280307142049,2.1372225524461532,2MASS J17502484-0016151,,
Gaia DR3 1460229442589223424,43.557864270582336,85.41024487619825,108.72500920524958,4.093278884887695,* bet Com,F9.5V,9.197515891787269,4.511537170692913,0.533357513163933,0.5071620853573734,9.168021322074187,bet Com,,
Gaia DR3 1470462322431834880,65.12681745539427,77.33855805542676,108.79034810659502,10.719940185546875,Ross 1015,M4V,9.191991912923925,11.141202346762002,0.8474430863811035,1.8278996288532912,8.96846355232833,Ross 1015,,
Gaia DR3 4034171629042489088,168.56755891881735,73.80798037169583,109.02963997046682,6.1985015869140625,HD 103095,K1V_Fe-1.5,9.171817867791484,6.63074951496579,-2.5068831758267676,0.5069535989787384,8.807995106219026,HD 103095,,
Gaia DR3 3303349202364648320,178.1864214415279,-30.96057771973882,109.13810688571644,19.535186767578125,2MASS J03552337+1133437,L5gamma,9.162702455954694,19.972406416965825,-7.853278299134215,0.24866221791162807,-4.71373560502592,2MASS J03552337+1133437,,
Gaia DR3 5717278911884264576,233.96124930482674,2.4855842955651215,109.25448246098924,13.956890106201172,LP  783-2,M6.5Ve,9.15294253814312,14.39943848888683,-5.379905162659025,-7.39428239855265,0.39694503120590896,LP 783-2,,
Gaia DR3 5717278911884258176,233.96480251786443,2.4899791931187933,109.34396565048813,12.970207214355469,LAWD 25,DZQA6,9.145452097433928,13.416849093370589,-5.3750263342132945,-7.388539907983582,0.3973210302842985,LAWD 25,,
Gaia DR3 6109949904687424640,318.7311656319679,18.847828815647325,109.7322981748391,13.419058799743652,WT 460,M5.5e,9.113087182469066,13.883426603251669,6.482329678503866,-5.688621358929248,2.9440358301494753,WT 460,,
Gaia DR3 954697944875755136,169.1546479637777,19.7107103500889,109.7650559630471,18.781694412231445,2MASS J06523073+4710348,L5.0,9.11036751383477,19.2475546158907,-8.423379116390862,1.613756635216399,3.0726649705070828,2MASS J06523073+4710348,,
Gaia DR3 1893189736896880640,83.25546347916664,-21.160825395684142,109.85476445728253,10.63479995727539,V* V374 Peg,M3.5Ve,9.102927897031304,11.104744878746226,0.9969857877550529,8.430377443659546,-3.2860389217112953,V374 Peg,,
Gaia DR3 2349916559152267008,96.94159310970652,-84.71103813623976,109.92764165734953,14.2971830368042,EGGR 246,DQ9,9.096893055497858,14.770443838013831,-0.10134387260283563,0.8323936889206743,-9.058162806513034,EGGR 246,,
Gaia DR3 74203982469858816,152.47439317986914,-44.352482678725934,109.94998579551846,13.555756568908691,LP  469-206,M5.0Ve,9.095044376447385,14.030033578020177,-5.767275458237457,3.005530352463659,-6.358077799050496,LP 469-206,,
Gaia DR3 5164120762333028736,198.08278726251928,-45.99456323734909,110.02539078597692,3.275566577911377,* del Eri,K0+IV,9.088811163099754,3.7532714703879817,-6.002372659269778,-1.959882123044719,-6.537344482395515,del Eri,,
Gaia DR3 3478160727866058368,284.885006015285,27.651057513488887,110.17107046121285,8.896745681762695,CD-31  9113,M2V,9.076792989426956,9.381066470592287,2.065349208206908,-7.770335725206974,4.212408614871264,CD-31 9113,,
Gaia DR3 1057318835428596096,136.88278697964327,48.72850675804791,110.23053640673568,8.527627944946289,V* SZ UMa,M2V,9.071896341954973,9.014646806072669,-4.3681173170165595,4.0900740256258254,6.8183684858518046,SZ UMa,,
Gaia DR3 981548637301374336,164.0644947323103,23.08770247854171,110.82634141717595,11.699138641357422,G 193-27,M5.0V,9.023125614476156,12.213110133817208,-7.98145049003586,2.2789242356595816,3.5383256291423226,G 193-27,,
Gaia DR3 3089711447388931584,221.7372305091056,19.373332994545027,111.86977668317493,9.133169174194336,G 113-20,M2.0V,8.938964836160244,9.693995677451804,-6.292615282127517,-5.613854736815926,2.9652521388869992,G 113-20,,
Gaia DR3 2964000159821218432,226.7969316629125,-24.274892486385397,112.29602820037746,3.476823091506958,* gam Lep,F6V,8.905034452470854,4.056664628353447,-5.557253047391702,-5.917238372965181,-3.660992652882126,gam Lep,,
Gaia DR3 2400808142038361088,37.819990665050966,-59.07580377860435,112.38592357649058,8.17037582397461,V* FK Aqr,M0Vep,8.897911483722368,8.75421836669625,3.612138856439387,2.8038812214818267,-7.633055204161747,FK Aqr,,
Gaia DR3 2964001014514075520,226.7677300386911,-24.270012716848704,112.46606502613807,5.868165969848633,V* AK Lep,K2.5V(k),8.89157097981148,6.455572699551189,-5.552074819384968,-5.905690120183888,-3.6547672830618736,AK Lep,,
Gaia DR3 5260451999698559872,287.9777892999939,-27.52873657125271,112.59875347455532,13.445630073547363,SCR J0630-7643B,,8.88109298852919,14.03893236989931,2.4307806101019698,-7.491053060727879,-4.104782861225927,SCR J0630-7643B,,
Gaia DR3 4736655036868019072,260.3964026598953,-51.57199413730534,112.60996206044993,15.837138175964355,LEHPM 3396,M9,8.880209012619968,16.43093817001318,-0.920792283760872,-5.44197295687322,-6.956664719148386,LEHPM 3396,,
Gaia DR3 5260451999700465536,287.9778801263429,-27.52909387101341,112.65840008030332,13.199734687805176,SCR J0630-7643A,,8.876390924131679,13.795684918138386,2.4294976136881288,-7.487058761812632,-4.102658684347948,SCR J0630-7643A,,
Gaia DR3 3519785523672576384,294.13206726949517,44.165207912616076,112.673969367493,10.290013313293457,Ross  695,dM2.0,8.875164384583268,10.886654491281131,2.6028699125686536,-5.810062366645163,6.183590087264336,Ross 695,,
Gaia DR3 2400808245117576704,37.83174104801767,-59.0724412699709,112.98665781642164,10.212149620056152,V* FL Aqr,M3.5V,8.850602534192834,10.822647386716676,3.5927134919831465,2.7899834563168593,-7.592204376612969,FL Aqr,,
Gaia DR3 922225002820369152,178.7341169024441,29.53972954619568,112.99267789745944,10.6656494140625,G 111-47,M3.5V,8.850130987314923,11.276413580348468,-7.697858979175396,0.17010285098230832,4.36335314287627,G 111-47,,
Gaia DR3 3211461469444773376,205.09763586107513,-27.175861694323714,113.07145912478761,5.886491775512695,HD  32147,K3+V,8.843964761225756,6.500740847965342,-7.1248536939263145,-3.33716686304436,-4.039243724528909,HD 32147,,
Gaia DR3 5260759175761501696,286.761089241853,-27.309362273882034,113.1304474816652,9.384747505187988,L   32-9,M2V,8.839353350582899,10.001604352221305,2.2649891724046802,-7.520460477422965,-4.055448916318615,L 32-9,,
Gaia DR3 5260759175761502976,286.7557458276514,-27.305636780259704,113.13179107170824,10.212166786193848,L   32-8,M3V,8.839248371539997,10.829083015210285,2.2643369269424967,-7.520834839279368,-4.054890057121005,L 32-8,,
Gaia DR3 4519789081415296128,53.3197649515538,6.044416315197202,113.22280917668247,9.805328369140625,HD 349726,M2V,8.832142633376241,10.426265639027443,5.246536559843706,7.043838566579706,0.9300192850096783,HD 349726,,
Gaia DR3 4519789321942643072,53.31613460731827,6.075891233240591,113.25212980007824,9.8148832321167,Ross  730,M2.0V,8.82985601917845,10.437115154016322,5.245318507295609,7.041271914754233,0.934602000285329,Ross 730,,
Gaia DR3 5951165616635298816,342.29977692189016,-5.269518301003013,113.28575402688406,7.987019062042236,*  41 Ara B,M0VpCa-3Cr-1,8.827235238798766,8.610735249023032,8.3738160766189,-2.672461526603641,-0.8107007246036487, 41 Ara B,,
Gaia DR3 2627117287488522240,55.894559197911725,-45.403311518768646,113.4447215072131,9.23719596862793,BD-05  5715,M3.5V,8.814865836983145,9.867923454200287,3.470293821649419,5.124554271220038,-6.2767717846640645,BD-05 5715,,
Gaia DR3 6847167606385195648,15.625553770306304,-29.402961402642774,113.48717988476642,5.481349945068359,HD 192310,K2+V,8.811567976359873,6.113948405051466,7.392830805520433,2.0676701088371003,-4.326028571794288,HD 192310,,
Gaia DR3 5951165616611763456,342.3018912286222,-5.271502960173301,113.75134443945775,5.301429271697998,*  41 Ara,G9V,8.791104886960111,5.945652726803508,8.339613154612477,-2.6612067489562254,-0.8076857088362528, 41 Ara,,
Gaia DR3 4031586157514097024,176.90131361818982,74.7724487275962,114.08541529766859,8.85401439666748,BD+36  2219,M1.5V,8.76536231551445,9.51290059092049,-2.2988842460085985,0.12445025936363814,8.457613131294114,BD+36 2219,,
Gaia DR3 3101920046552857728,217.65021324399603,-2.1749777395811285,114.29110218630719,9.097528457641602,HD  50281B,M2.5V,8.749587508307417,9.765421135858906,-6.922535611897708,-5.340741426702593,-0.33205915232075184,HD 50281B,,
Gaia DR3 3101923001490347392,217.63573185061713,-2.1673839034415723,114.35472221987995,6.231057167053223,HD  50281,K3.5V,8.744719768346878,6.901732316167593,-6.9200679944917445,-5.336048120518416,-0.3307162439910731,HD 50281,,
Gaia DR3 2794735086363871360,117.8993857891838,-44.370227167374374,114.47346356966919,17.495635986328125,LSPM J0036+1821,L3.5,8.735649021324443,18.171500240973238,-2.921955578530429,5.5187568218905545,-6.108769316457946,LSPM J0036+1821,,
Gaia DR3 4960651016012601856,267.36262399246993,-74.0391774794527,114.60403630806456,12.568367958068848,LP  991-84,M4.5V,8.725696164068097,13.24993215062169,-0.11040716053430497,-2.396850444896935,-8.389320100659697,LP 991-84,,
Gaia DR3 4365609170043180416,14.899418500137498,22.95363395096333,114.91584350091051,10.913421630859375,G  19-7,dM4,8.702020274446115,11.608571025048207,7.743593219732363,2.060326690203103,3.3936668713683336,G 19-7,,
Gaia DR3 3399063235755057792,188.45787351770417,-2.7334048805730804,114.94966074779107,4.24168586730957,* chi01 Ori,G0V,8.699460211492763,4.938306436881376,-8.59505700806005,-1.2780799560739133,-0.4148669972721887,chi01 Ori,,
Gaia DR3 3464485826872541440,287.51109305949865,24.35647867026285,115.08346553021467,11.583742141723633,SIPS J1141-3624,M5,8.689345557963357,12.286179473414853,2.3818395339963385,-7.549133163351684,3.5835952815536274,SIPS J1141-3624,,
Gaia DR3 2886233695250041216,240.94203653930066,-23.989027400186902,115.39816465618533,11.112142562866211,V* AP Col,M5,8.665649085315847,11.828233881700879,-3.8453084673386924,-6.920599400917873,-3.523120888198971,AP Col,,
Gaia DR3 5761985432616501376,231.30269121673615,25.062107182169697,115.48757106313471,15.88892936706543,LP  666-9,M9Ve,8.658940445230426,16.60889300876749,-4.903924423896207,-6.121687507820718,3.667930879304205,LP 666-9,,
Gaia DR3 1165479168642900992,15.35641261567903,48.55505646463293,116.04245757212003,13.070329666137695,LP  502-56,M5.5V,8.617535520380573,13.814259424659754,5.500300064083155,1.5105342106144863,6.459636526046259,LP 502-56,,
Gaia DR3 4900108950849461248,308.3115879181381,-51.93050812747245,116.18257854098105,4.07351016998291,* zet Tuc,F9.5V,8.60714241806288,4.823473773443096,3.290200740670297,-4.1643848440650135,-6.776088736242433,zet Tuc,,
Gaia DR3 3179036008830848,175.42710843097018,-43.16762090680206,116.26781443397161,12.101367950439453,V* CD Cet,M4.5V,8.600832525048444,12.854998396348039,-6.253094362277613,0.5001344524688743,-5.884130908625061,CD Cet,,
Gaia DR3 6378584028690858496,311.99543383034336,-39.55966064741432,116.31336925688149,9.292778015136719,L   49-19,M3V,8.59746395783163,10.048367124371783,4.4348169129362995,-4.926152609264411,-5.475564438958372,L 49-19,,
Gaia DR3 3705324881045028992,309.10784186078445,68.44907975343563,117.03270509707764,11.77293872833252,Wolf  461,M4.5Ve,8.544620063002974,12.559354930794914,1.9798215901815328,-2.4354887794836735,7.9472783326830285,Wolf 461,,
Gaia DR3 2611561706216413696,63.649869616543896,-55.486485204123035,117.13884218186048,15.421229362487793,EGGR 453,DZ13,8.536877959297902,16.212178015338974,2.1469286676379027,4.334428352869512,-7.034323950591253,EGGR 453,,
Gaia DR3 3507879565090229888,311.85153103899125,44.088630038464025,117.1726460991387,4.532528400421143,*  61 Vir,G6.5V,8.534415098502677,5.324919744698202,4.08992995385524,-4.566066245519405,5.937992344861725, 61 Vir,,
Gaia DR3 5639391810273308416,254.52733196070682,5.578482059455711,117.3961254185898,11.822395324707031,CD-32  5613,DA5.5,8.518168691124869,12.624313912769413,-2.261703202430483,-8.170571586165611,0.8280437367185481,CD-32 5613,,
Gaia DR3 6021430250773348736,342.27375090497685,8.937233082352648,117.47159417533476,9.495382308959961,CD-37 10765,M3V,8.512696256657831,10.300514142310917,8.010086557677827,-2.560388744252906,1.3224675326556241,CD-37 10765,,
Gaia DR3 6021430250773733632,342.27257120419114,8.937275598537534,117.67912787614085,12.898022651672363,CD-37 10765B,M5.5V,8.497683642357682,13.711980048171865,7.9959067642393435,-2.556037691306956,1.3201415165818513,CD-37 10765B,,
Gaia DR3 3377365057060447616,189.0968855592681,4.948463726045366,117.7262697791185,11.662542343139648,Ross   64,M4V,8.49428085911691,12.47850232344043,-8.356180608780837,-1.3379774122763264,0.7327137171046927,Ross 64,,
Gaia DR3 1534011998572555776,136.14370969878277,75.31192420955011,118.02660559667956,4.094672203063965,* bet CVn,G0V,8.472665929385442,4.923371624169331,-1.5490963874814037,1.4884542655997652,8.195783808305269,bet CVn,,
Gaia DR3 2202703050401536000,101.73212439512407,4.035306475946312,118.15513655131949,14.3731050491333,UCAC4 747-070768,DAH,8.463449234521091,15.207246506788973,-1.7166599833574665,8.266095360495834,0.5955828557337771,UCAC4 747-070768,,
Gaia DR3 2974726136265625088,221.72387843239446,-33.024087368545224,118.82496536460518,9.636775970458984,HD  32450B,,8.41573988203218,10.499182695606738,-5.266401307773572,-4.696130972376283,-4.586507267823304,HD 32450B,,
Gaia DR3 5224460173763882496,298.84486643556045,-15.074619713301065,119.34188913224592,12.816201210021973,SCR J1138-7721,M5.0V,8.379287501405926,13.700312239088724,3.903390398291419,-7.087089352080254,-2.179258347551893,SCR J1138-7721,,
Gaia DR3 2974726131970829952,221.7241715083591,-33.02410920728239,119.57374393720566,7.792407512664795,HD  32450A,K7,8.363039970757724,8.686223008315226,-5.233397592159015,-4.666749107781559,-4.557788933232382,HD 32450A,,
Gaia DR3 2879455480942629248,107.92283850881215,-24.336479326825692,119.5794051981195,11.167952537536621,G 130-4,M4.5Ve,8.362644038437866,12.06200475433981,-2.344808683759723,7.249785707984159,-3.446200043307703,G 130-4,,
Gaia DR3 2159844052779000064,91.44178743277719,27.09515281805228,119.75186488791154,11.824005126953125,G 227-29,M4.0V,8.35060064355579,12.72526324374506,-0.18705232849918307,7.43177980360946,3.803444686756987,G 227-29,,
Gaia DR3 3713594960831605760,329.51750482759087,64.19697976353586,119.75661648253032,14.376431465148926,Wolf  489,DC9,8.350269315982858,15.27788797135038,3.1323210891295448,-1.8437893361683562,7.51771262604996,Wolf 489,,
Gaia DR3 4594497834189213184,52.42758906216953,25.63389888872602,119.88706136425247,9.184961318969727,* mu.02 Her A,,8.341183682546886,10.091861110626384,4.585554561976246,5.960398833321013,3.608556544225234,mu.02 Her A,,
Gaia DR3 4594497769766809216,52.434552435606456,25.62634346590197,119.92480848370072,3.238405466079712,* mu.01 Her,G5IV,8.338558240315326,4.146879288237192,4.583677011618733,5.959456854296479,3.6064293396748117,mu.01 Her,,
Gaia DR3 4994877094997259264,331.6392411481641,-71.1099330278219,120.01426997667465,12.895188331604004,LAWD 96,DAP5.8,8.332342480559644,13.807390662585204,2.373839448160343,-1.2814298533923005,-7.883575015088753,LAWD 96,,
Gaia DR3 4594497838483177984,52.42762393656705,25.634066231454007,120.39791474431885,9.585920333862305,* mu.02 Her B,,8.30579169185475,10.514080470548812,4.566087850620049,5.9351030734514145,3.5932671590644296,mu.02 Her B,,
Gaia DR3 533621859441169920,123.82219329402483,8.825730161565184,121.45982871489811,8.941875457763672,Ross  318,M3.0V,8.233174791867143,9.913942429074417,-4.528467341473849,6.758878909124718,1.2632128017204338,Ross 318,,
Gaia DR3 2396530698208685312,37.13655661861795,-64.41023473529816,121.472361391852,7.259579181671143,HD 217357,K7+Vk,8.232325349913523,8.232162044966376,2.8346353850826373,2.146662348657537,-7.424814048939027,HD 217357,,
Gaia DR3 4719430087707860736,284.30943582527243,-58.58723218870165,121.70844820778298,10.557132720947266,L  173-19,M2.0Ve,8.21635650380474,11.53942387045517,1.0584229536593892,-4.149503413072119,-7.012123535255508,L 173-19,,
Gaia DR3 4479498508613790464,39.65536348472005,6.7315059087982565,121.97881318336569,19.089929580688477,Gaia DR3 4479498508613790464,M2.5,8.19814502127301,20.083315486851827,6.268216026361405,5.195729416164854,0.960960701948176,Gaia DR3 4479498508613790464,,
Gaia DR3 4911306239828325760,289.5925428367862,-59.66168172384412,122.00347235303983,5.625487327575684,* p Eri B,K2V,8.196488023769628,6.619883928827161,1.3882908951995454,-3.9003800941674123,-7.0740440651106775,p Eri B,,
Gaia DR3 4911306239828325632,289.58956535305254,-59.66447236993005,122.108812649359,5.508301734924316,* p Eri A,K2V,8.189417113337639,6.5070135758965915,1.3867753107424723,-3.8967630792311705,-7.068142924282397,p Eri A,,
Gaia DR3 5273943488410008832,280.21271720151015,-19.428931536063168,122.41301924617866,13.777515411376953,LAWD 26,DA9.0,8.169065726489029,14.78866813549685,1.3659218852121457,-7.581818671567088,-2.7173365412979127,LAWD 26,,
Gaia DR3 4550763526539955712,42.24633672252947,24.294581084076945,122.55460651085501,8.742879867553711,BD+18  3421,M1.5V,8.159628009669527,9.759812428090981,5.505343558144865,5.00005962945243,3.3571007230788203,BD+18 3421,,
Gaia DR3 3320184202856435840,201.7553327820442,-9.677598787402868,123.19885316518207,13.969419479370117,EGGR 290,DA8P,8.116958675412537,15.012567261089268,-7.431545730254637,-2.965687923506746,-1.3644930699183377,EGGR 290,,
Gaia DR3 5700706729031126656,241.4623924968463,6.880408888408108,123.20329450522371,10.671680450439453,L  674-15,M3.5V,8.116666068191877,11.71500847977755,-3.8496942369810747,-7.079169970788458,0.9723553203325639,L 674-15,,
Gaia DR3 3698534434669937024,282.7885646208009,62.03166869849925,123.64295658391296,11.828688621520996,G  13-22,M4.5Ve,8.087804009453045,12.88982784068576,0.8396054818708553,-3.6989543487943735,7.1432046768710435,G 13-22,,
Gaia DR3 2246206567973292160,99.93790340242835,15.057592498671609,123.65465984021166,9.435270309448242,G 262-15,M3V,8.087038541792234,10.496882774432219,-1.3477472020107946,7.692194812121469,2.1009304672636566,G 262-15,,
Gaia DR3 1954170404122975232,89.03023345811498,-10.452545233130342,123.6752359487603,19.792591094970703,2MASSW J2148162+400359,L7,8.085693084218642,20.855035489654504,0.13457789021623442,7.950376159754584,-1.4669152538753096,2MASSW J2148162+400359,,
Gaia DR3 3735000631158990976,300.0366304836086,72.60135611110842,123.77563788382407,10.105140686035156,Wolf  437,M3.5V,8.07913428762614,11.171642530143904,1.2092414354844874,-2.0913786437323916,7.709492937719303,Wolf 437,,
Gaia DR3 6133474952391837824,300.88165326895216,19.265885423851586,124.18513331297466,10.983477592468262,L  399-68,M3V,8.052493670718004,12.066493976334504,3.9016127387259987,-6.523859665192203,2.6569394842266907,L 399-68,,
Gaia DR3 786834302080370304,147.87018297636365,65.7203012091527,124.33777491111096,11.68470573425293,G 122-49,M4.5V,8.042608135097316,12.773864071729044,-2.800560741909569,1.758820034327014,7.331231631346698,G 122-49,,
Gaia DR3 5559035514776717312,254.31624094983135,-17.510871927766875,124.35689454555873,10.381961822509766,CD-44  3045B,M3,8.041371599494592,11.471888959515327,-2.0730699378496658,-7.383214302950305,-2.419542268829424,CD-44 3045B,,
Gaia DR3 5559035514779971456,254.3162231157538,-17.510207296831958,124.56954932191705,10.418207168579102,CD-44  3045A,M3V,8.02764403855845,11.516677183745244,-2.0695408335486056,-7.370636624344994,-2.4153230218631605,CD-44 3045A,,
Gaia DR3 3288921720025503360,191.4532108364966,-23.063051919374917,124.61980141424488,3.087921619415283,* pi.03 Ori,F6V,8.024406945377248,4.188408257396992,-7.2360333796623655,-1.4660349297431903,-3.1435122615004243,pi.03 Ori,,
Gaia DR3 5535361753834861312,256.3520722608384,-9.976585578116413,125.30284548899108,12.030774116516113,SCR J0740-4257,M4.5,7.980664733490498,13.158591041843227,-1.854603612889877,-7.638051332617257,-1.3826159509200335,SCR J0740-4257,,
Gaia DR3 4145870293808914688,13.755207012304274,2.148736947983533,125.45085476530886,11.863025665283203,G 154-44,M4.0Ve,7.97124899524026,12.996745167256512,7.737193141249738,1.8940243883963463,0.2988719713802401,G 154-44,,
Gaia DR3 4468009917744160000,28.472828854741792,12.057716226962484,128.05461654386062,19.549428939819336,WISEP J180026.60+013453.1,L7.5,7.809167892494411,20.785862333186333,6.713147657611677,3.6408207821703433,1.631311047098311,WISEP J180026.60+013453.1,,
Gaia DR3 2161121135533953536,93.74120126955633,29.537958211299234,128.30565976722806,11.758081436157227,G 227-22,M5.0V,7.793888452108804,13.00430742716165,-0.4424537083693275,6.76646070539714,3.8423874664304263,G 227-22,,
Gaia DR3 3365063724883180288,196.41137260726626,10.402995464807349,128.98659827505904,12.776403427124023,G 109-35,M5.0Ve,7.752743411897241,14.049095045304432,-7.314633267149813,-2.154391377695402,1.3999172723889979,G 109-35,,
Gaia DR3 4177731838628465408,24.876471671688034,8.87080689247235,129.21844952774615,8.519394874572754,HD 165222,M0V,7.738832989056081,9.801065841413187,6.93682073123917,3.2165032770988047,1.1933821029183387,HD 165222,,
Gaia DR3 999747822484300800,154.0679780992495,17.173937490810413,129.3014012527262,10.417204856872559,G 192-13,M4.0V,7.733868235854992,11.702084541634518,-6.6450603942249025,3.231258705866068,2.28360623191371,G 192-13,,
Gaia DR3 2322561156529549440,31.321506284876545,-84.05948716292194,129.31674036196353,13.142606735229492,LP  881-64,M5.5/6Ve+M8.5Ve+M9/9.5V,7.732950870869106,14.42807953805964,0.6836914732737736,0.41604250792175873,-7.691424040595486,LP 881-64,,
Gaia DR3 6135947032490329472,304.4021177809436,19.241894280322995,129.4287903858344,14.83372974395752,SIPS J1259-4336,M8:,7.726256244989578,16.12353305756215,4.121449971970912,-6.0187486307181945,2.5462424495733496,SIPS J1259-4336,,
Gaia DR3 4375233191015944192,24.751396511873715,19.975327805367158,129.64588200281264,6.934473037719727,HD 157881,K7V,7.713318653486466,8.232655853102269,6.583313756526064,3.0351437757500577,2.63498897414821,HD 157881,,
Gaia DR3 3828238392559860992,245.49528490528573,40.740814678289865,129.7543962369321,8.331761360168457,BD-03  2870,M2V,7.706867967494492,9.634127449415846,-2.4219388143706486,-5.3133009155900774,5.029797175655021,BD-03 2870,,
Gaia DR3 114207651462714880,152.6909750736274,-30.749764446601212,130.19563405443222,9.467293739318848,V* VX Ari,dM3,7.6807491070086105,10.786633792399345,-5.865197584615876,3.028424274349887,-3.927086776830634,VX Ari,,
Gaia DR3 6623351805412369024,31.631651715221604,-62.15535171424188,130.27065669284806,11.129232406616211,* alf PsA C,M4.0Ve,7.676325777322197,12.451452780227834,3.052765690980563,1.8803994765544714,-6.787539825601531,alf PsA C,,
Gaia DR3 411413822074322432,125.38813226423677,-7.877732160933997,130.28806976927032,4.948012351989746,* mu. Cas,G5Vb,7.675299831910316,6.270901023174227,-4.402913691447684,6.198219954905681,-1.0519733485188996,mu. Cas,,
Gaia DR3 6575069780231675264,6.4378143147523215,-53.191790204849035,130.4186009154895,10.467419624328613,L  499-56,M3.5V,7.667617908644751,11.7953151162739,4.564994854505532,0.5150971729089775,-6.139044003244227,L 499-56,,
Gaia DR3 96331172942614528,138.87529536494918,-41.02036642019394,130.823369060264,4.999680042266846,* 107 Psc,K1V,7.643894261271839,6.343069540351849,-4.344268462748137,3.793046790556487,-5.016896156561907,107 Psc,,
Gaia DR3 2257597439718033536,96.04657215773936,27.898124012250094,130.8530774537263,11.911707878112793,G 258-33,M4.5Ve,7.642158820098296,13.256232686386609,-0.7114442459853619,6.716419229396288,3.575772818770269,G 258-33,,
Gaia DR3 3738099879558957952,333.2379134607513,70.93839422470128,131.10134519384707,8.205291748046875,BD+11  2576,M1.0V,7.62768679849467,9.55929407580464,2.224249983063769,-1.121702758402696,7.209445251235525,BD+11 2576,,
Gaia DR3 4286249341336984576,39.43238374320971,4.191971763196431,131.27900875405268,12.296878814697266,G 141-36,M5.0V,7.61736403626775,13.657652365402367,5.867719406230589,4.825355745212246,0.5568175310794571,G 141-36,,
Gaia DR3 6604147121141267712,15.935217393616298,-64.61871837827223,131.55250924995755,6.091864585876465,V* TW PsA,K4Ve,7.601527372616974,7.46304406493827,3.1331103721596154,0.8945723942430217,-6.867792805841572,TW PsA,,
Gaia DR3 1355264565043431040,68.84329255751692,36.282711684328326,131.59960903219002,10.453174591064453,G 203-47,M3.5V,7.598806769672046,11.82614390115794,2.210797592197018,5.712575309861574,4.496745674185893,G 203-47,,
Gaia DR3 4683897617110115200,304.75950466520743,-39.78480091144278,133.71940556671353,2.680731773376465,* bet Hyi,G0V,7.478346136538074,4.133598924355544,3.276417712161847,-4.721264120149954,-4.785437599748925,bet Hyi,,
Gaia DR3 2552925644460225152,121.51923596363511,-57.58786768411167,134.49484768931154,5.467689037322998,HD   4628,K2.5V,7.435229060298576,6.949467563209998,-2.0834668755817938,3.3973481702064245,-6.276927780997401,HD 4628,,
Gaia DR3 6306068659857135232,344.1120337235805,35.28183209285906,134.94740215429607,17.951568603515625,2MASSW J1507476-162738,L5V,7.410294559480446,19.450143117812278,5.818091776836735,-1.656006001225509,4.28017729287881,2MASSW J1507476-162738,,
Gaia DR3 3426333598021539840,186.308136085326,2.020159346183784,138.0615808560256,19.520273208618164,2MASS J06073908+2429574,L9,7.24314464458311,21.132921397226415,-7.194815572587124,-0.7953491773808152,0.2553290129430282,2MASS J06073908+2429574,,
Gaia DR3 5975663354131618304,351.8417331384529,1.409878144369392,138.0662741149332,9.386161804199219,HD 156384C,M1.5V,7.242898429833418,10.998979959684172,7.167428753004472,-1.0275137945754145,0.17820812957149423,HD 156384C,,
Gaia DR3 2595284016771502080,40.61035899830412,-54.559453662574725,138.2280013262178,11.55070686340332,L  788-34,M4.5Ve,7.234424215105318,13.169378460096823,3.1846022751751786,2.730533172916212,-5.894013120502482,L 788-34,,
Gaia DR3 5753687109122994048,233.13366080038168,18.71999446109039,138.31472927732594,,2MASS J08354256-0819237,L6.5,7.229887989694609,,-4.108108707130012,-5.4781870589680395,2.3203856879596603,2MASS J08354256-0819237,,
Gaia DR3 19316224572460416,163.40600566235537,-47.583452080672224,138.34000380964673,5.498319625854492,HD  16160,K3V,7.228567098899183,7.121040949467665,-4.672717500558974,1.3924642882574998,-5.336565999702915,HD 16160,,
Gaia DR3 18565464288396416,163.47096597921956,-47.57082287105088,138.4370910355932,10.333127975463867,V* BX Cet,M3.5V,7.223497637225652,11.95935707597537,-4.672141886582716,1.3865271570103321,-5.3317493142041785,BX Cet,,
Gaia DR3 2640434056928150400,83.26057828457968,-59.259152371857624,139.33889353237683,12.623747825622559,G 157-77,M5.0Ve,7.176747099456762,14.282442139658082,0.43050580706297464,3.6430875197915635,-6.168328542059433,G 157-77,,
Gaia DR3 4780100658292046592,263.0404072359431,-45.08908524573911,140.69606047638192,11.902864456176758,L  230-188,M4.5V,7.107519546845208,13.610023347592412,-0.6080222442794067,-4.980981931223019,-5.03358342138858,L 230-188,,
Gaia DR3 6224387727748521344,333.8845862138086,27.07599161426052,141.7891196305653,14.061078071594238,LP  914-54,M7.0Ve,7.052727336240765,15.806931545469602,5.63866668844765,-2.7642355335729505,3.2102029173996525,LP 914-54,,
Gaia DR3 1952802469918554368,87.51245654559457,-11.612406769066672,141.89460573855888,10.83085823059082,LSPM J2146+3813,M5V,7.047484256325446,12.580430145230387,0.29961544851113736,6.896729084070563,-1.4185883360241283,LSPM J2146+3813,,
Gaia DR3 2195886971653527168,98.70973518194315,11.088859012809076,142.054284613815,7.756714820861816,HD 199305,M1.0V,7.039562394887091,9.51191024372817,-1.046090312909657,6.828470914123417,1.3539271559857131,HD 199305,,
Gaia DR3 3855208897392952192,244.4756827716752,46.883200238350874,142.09514314210975,8.675958633422852,BD+01  2447,dM2,7.037538214799483,10.432591980303307,-2.072631685649984,-4.34062072566431,5.137134778875889,BD+01 2447,,
Gaia DR3 3864615459886222464,242.7743216951012,54.90666873314162,143.53906190611502,10.290781021118164,Wolf  358,M4V,6.966744708517551,12.097966123991071,-1.8323884447176346,-3.561515271188972,5.700306429869391,Wolf 358,,
Gaia DR3 2828928008202069376,87.05605298678775,-38.18902985967409,145.62341010499722,7.795021057128906,HD 216899,M1.5V,6.8670277620815305,9.674289659820657,0.27720045391353565,5.390191020163576,-4.245594299941594,HD 216899,,
Gaia DR3 5153091836072107136,200.4871411043793,-58.07579704784062,145.69218853775283,10.058402061462402,BD-17   588A,M3V,6.863785972580628,11.94003162368924,-3.39998262687109,-1.2703317615969238,-5.82562728209138,BD-17 588A,,
Gaia DR3 2019802555283940608,58.34362778839879,3.0589454244060272,146.4067299939191,20.6376895904541,2MASS J19284155+2356016,T6,6.8302871052548895,22.543781512385877,3.5795886024667305,5.805731375235783,0.3644867293939983,2MASS J19284155+2356016,,
Gaia DR3 1784473016438653056,69.56885516625441,-23.69116852359052,147.4957775212429,9.108491897583008,Ross  775,M3.0V,6.7798551036891626,11.051638709620004,2.167265297565598,5.817918966479971,-2.724190752583327,Ross 775,,
Gaia DR3 3098328182579892096,214.15088207996868,21.84947627035257,147.72184850183513,11.397289276123047,Ross  619,M4.5V,6.769479329847251,13.34809386347069,-5.199732067867345,-3.5272217330309985,2.5193935114735413,Ross 619,,
Gaia DR3 1237090738916392704,23.085938824194358,61.35566378245869,148.06949945238355,4.480482578277588,* ksi Boo A,G7Ve,6.7535853345785215,6.443040420513629,2.9782095298958855,1.2694502381605415,5.9270295224762926,ksi Boo A,,
Gaia DR3 1237090738916392832,23.086519315405123,61.3572101082614,148.17931678941665,6.430091381072998,* ksi Boo B,K5Ve,6.7485801774962875,8.396356152621243,2.9758424508945844,1.268476907556278,5.922724242656077,ksi Boo B,,
Gaia DR3 3988987164339438208,216.42323819386124,64.4519334285029,148.19855031056267,8.977005004882812,Ross  104,M4V,6.747704332494583,10.943918729113022,-2.3415966306561002,-1.7278402999815443,6.087939460591395,Ross 104,,
Gaia DR3 6153483658836320384,300.21321039133113,24.417635445929598,150.07810926426842,11.226225852966309,L  471-42,M4.5V,6.663196950590092,13.256154357989413,3.0531401454775415,-5.24303901945405,2.754463776292725,L 471-42,,
Gaia DR3 2009481748875806976,109.90751609028699,-3.200796600684211,152.86400389732427,5.23189640045166,HD 219134,K3V,6.541762445733661,7.35378878402581,-2.2240141399938844,6.141254008197008,-0.3652618352944884,HD 219134,,
Gaia DR3 5243594081269535872,287.2611487564309,-11.966217892876491,153.75934537322692,11.133257865905762,L  100-115,M4.0V,6.50366972864417,13.284350374738894,1.887882115882968,-6.075799228312345,-1.3484379084892644,L 100-115,,
Gaia DR3 4339465360510320128,11.042590582418853,21.161711924042713,153.87539543012036,10.444497108459473,Wolf  629,M3.5V,6.498764777856453,12.599361950095306,5.948312085067962,1.1608241257231715,2.3460635809118866,Wolf 629,,
Gaia DR3 4339417394313320192,11.002657681886769,21.087541659149522,153.96586519953095,13.813288688659668,VB  8,M7Ve,6.494946127857998,15.971092375199856,5.948598463922231,1.1565767640201168,2.3368422513572518,VB 8,,
Gaia DR3 1428427236986209024,83.20992020341015,42.78362757685406,154.35026839246862,9.139768600463867,G 202-48,M1.5V,6.4787707233348355,11.31004011953815,0.5621845312999387,4.721574162821042,4.400585877276846,G 202-48,,
Gaia DR3 3907283967108054528,275.86786258306967,72.27061143732072,154.69993660722557,11.926109313964844,V* GL Vir,M4.5Ve,6.4641267600447945,14.107695123025259,0.20124537778705306,-1.9581525153108628,6.157115704177428,GL Vir,,
Gaia DR3 3022956969731332096,210.2283462328552,-14.416931625574213,155.23734721807887,14.236672401428223,EGGR  45,DZ11,6.4417488311958255,16.435597561947134,-5.390567118550531,-3.1409563008183627,-1.6038415323728337,EGGR 45,,
Gaia DR3 4860376345833699840,236.66942038954625,-53.41018268889777,155.59821311519502,15.43957233428955,LP  944-20,M9.5Ve,6.426809022926655,17.650107043563313,-2.104963619312634,-3.200776760379438,-5.160235509039935,LP 944-20,,
Gaia DR3 1267906854386665088,37.190722540934956,60.4692467029962,155.77582970512213,20.274646759033203,2MASS J15031961+2525196,T5.5,6.419481134479995,22.490885752696993,2.520611812039877,1.9126052864869416,5.585534454915825,2MASS J15031961+2525196,,
Gaia DR3 685103912857072640,205.30131635298733,37.60793019190977,157.26857654561297,13.413064002990723,LP  368-128,M6.5Ve,6.358549317129272,15.676988185243639,-4.554063643842974,-2.152824030460459,3.880335351495381,LP 368-128,,
Gaia DR3 1022456104850892928,164.9403034685423,42.665948928286376,157.8824911260602,7.054454803466797,HD  79211,M0V,6.333824560707982,9.337859019899089,-4.4974175581516365,1.2101031009130558,4.2925772396798685,HD 79211,,
Gaia DR3 1022456139210632064,164.94062343071144,42.66121164995245,157.88793077923938,6.9760260581970215,HD  79210,K7V,6.333606343845312,9.25960254070626,-4.497612066745789,1.2101285018639547,4.292044271071392,HD 79210,,
Gaia DR3 6322070093095493504,354.07215955069114,40.02218731174595,158.71827296463243,9.42178726196289,BD-07  4003,M3V,6.300471781360879,11.731590144313248,4.799072967769281,-0.49829287486667806,4.0517338916330585,BD-07 4003,,
Gaia DR3 2824770686019003904,98.5786475699206,-39.14315221697577,159.66339203721853,9.043997764587402,BD+19  5116A,M3.5Ve,6.263176469198987,11.383485831502043,-0.7245838442989151,4.803193300241644,-3.9536934450489047,BD+19 5116A,,
Gaia DR3 2824770686019004032,98.58054051342569,-39.14342615324564,159.90846046252173,10.828941345214844,BD+19  5116B,M4.0Ve,6.253577810127021,13.176098062275807,-0.7236290088642916,4.795789577301251,-3.9476573831947266,BD+19 5116B,,
Gaia DR3 6324325225803432320,338.4202515815191,43.1573140452653,159.9225477824956,9.89498233795166,BD-11  3759,M3.5V,6.25302694251758,12.242579516369396,4.241720543156715,-1.6776819230117719,4.277094357482961,BD-11 3759,,
Gaia DR3 1638979384378696704,101.43804084104781,30.691322551716652,160.99524492008814,13.77820110321045,EGGR 372,DQ9P,6.211363574721487,16.159224322722338,-1.0592302453208,5.235254911215752,3.170358774549951,EGGR 372,,
Gaia DR3 6673000841376349696,354.8063478610685,-32.97826039920067,162.2171000791857,7.242661476135254,HD 191849,M0V,6.164578207302766,9.661488356261456,5.150092638385416,-0.4681198422118108,-3.3555080246257956,HD 191849,,
Gaia DR3 2572901021957789568,141.2250759328284,-51.68433605805002,163.44784569658697,19.461196899414062,SIMP J013656.5+093347.3,T2.0,6.118159561774398,21.91781573389888,-2.9572399320919303,2.3755517690877364,-4.800350216365108,SIMP J013656.5+093347.3,,
Gaia DR3 6427464123776727168,329.76078020612954,-32.42131089268436,163.9544145383167,3.364138126373291,* del Pav,G8IV,6.099256325704463,5.836229341702362,4.447993844663407,-2.592871946261702,-3.2700601760168566,del Pav,,
Gaia DR3 946632924007399936,178.9577895000976,19.901669191941114,165.2146994337292,9.934659004211426,V* QY Aur,M4.5Ve,6.052730195481905,12.445037258028389,-5.690308792175802,0.10351816128646464,2.0603913849725375,QY Aur,,
Gaia DR3 4847957293278177024,250.73404566404008,-56.06475866970972,165.5242095575573,4.063914775848389,* e Eri,G6V,6.041412326770681,6.583651173075906,-1.112818334857007,-3.183773797131226,-5.012372957428789,e Eri,,
Gaia DR3 6697578465310949376,5.225729135190484,-30.928196247696746,166.3272042796776,5.033037185668945,HD 191408,K2.5V,6.01224558742964,7.576971047661157,5.135940761488767,0.4697327576502518,-3.0900745354174965,HD 191408,,
Gaia DR3 3136952686035250688,215.85712370175546,13.455059414384085,166.97689652666736,9.692206382751465,V* YZ CMi,M4.0Ve,5.988852474811048,12.255632746284146,-4.720621592543994,-3.4117793785671777,1.3935017822168623,YZ CMi,,
Gaia DR3 4109034455276324608,358.4329906444032,6.749482767438972,167.9616795430231,5.889863014221191,V* V2215 Oph,K5V,5.953738988087766,8.48269136141457,5.910265597335263,-0.16168296201583285,0.6997336114732321,V2215 Oph,,
Gaia DR3 4109030160308320128,358.27389234589504,6.878178337472057,168.00307885629599,4.831335067749023,*  36 Oph A,K2V,5.952271867918357,7.425395666613074,5.906752043993532,-0.17800221287832516,0.7128365118320814, 36 Oph A,,
Gaia DR3 4109030160308317312,358.2735077727222,6.876822145218399,168.13027793748972,4.8285908699035645,*  36 Oph B,K1V,5.947768672408885,7.426435653963594,5.902298943329255,-0.17790766961890037,0.7121574440765762, 36 Oph B,,
Gaia DR3 425040000962497792,122.62269583480938,-5.054621957266907,168.71856118825883,6.7620439529418945,* eta Cas B,K7Ve,5.927030155764452,9.377353064632953,-3.182862372140524,4.972562436422355,-0.5222034117415905,eta Cas B,,
Gaia DR3 425040000962559616,122.62483036061045,-5.0576522492359395,168.83216034019418,3.3200666904449463,* eta Cas,F9V,5.923042138328477,5.938741197289351,-3.1808910139200886,4.969074883220207,-0.5221640881248928,eta Cas,,
Gaia DR3 4293315765165489536,40.42849848135376,-3.3009424713939137,168.95370741857366,14.303287506103516,VB 10,M8V,5.918781039368104,16.925560360162148,4.497994739151148,3.831952967057035,-0.34080606921645035,VB 10,,
Gaia DR3 6002807341299977216,332.6677741093695,12.128483628629619,168.9965073189456,8.274178504943848,CD-40  9712,M2.5V,5.917282054313164,10.89771781479195,5.139336861433846,-2.6562712825500925,1.243248329378972,CD-40 9712,,
Gaia DR3 4293318823182081408,40.44050890034916,-3.283736219652442,169.06150528157374,8.099910736083984,HD 180617,M3-V,5.915007075883356,10.725372732601429,4.494401500124239,3.830517980517049,-0.3388153838991735,HD 180617,,
Gaia DR3 2739689239311660672,93.5674666869375,-56.88539645498599,169.21632962255026,8.15291690826416,V* BR Psc,dM1,5.909595145046433,10.782955744757862,-0.20088979029157966,3.22224706961108,-4.949755740730626,BR Psc,,
Gaia DR3 6663600360560306560,352.3470246507711,-23.908127869448084,169.23508466417934,10.752913475036621,L  347-14,M4.5V,5.90894022941132,13.383506454336546,5.353816406590754,-0.7193904837213191,-2.394723752587418,L 347-14,,
Gaia DR3 5918660719983560192,335.29653721614534,-14.451697826576646,169.8041953551915,9.592272758483887,L  205-128,M3.5V,5.8891360010759985,12.239651734542258,5.180891103353984,-2.3833230324787684,-1.4697147809058557,L 205-128,,
Gaia DR3 6232511606838403968,338.2417634989401,32.66793147221141,169.8842702825854,5.364036560058594,HD 131977,K4V,5.886360157633198,8.013772841029477,4.602186687546608,-1.8368532416961127,3.1772761552642534,HD 131977,,
Gaia DR3 3340477717172813568,193.71885497096744,-9.20798676782558,172.67623105398982,10.11378002166748,Ross   47,M4V,5.7911850050012665,12.845020813036303,-5.553472618900023,-1.3557269984052285,-0.9266984078298572,Ross 47,,
Gaia DR3 2261614264931057664,101.29640987500859,21.871893703413377,173.49391001786597,4.44904088973999,* sig Dra,K0V,5.7638910777734065,7.203902449845975,-1.0477874648599836,5.245374522665982,2.147237271911233,sig Dra,,
Gaia DR3 2940856402123426176,228.61514224186146,-18.440966262551655,173.57398583239672,7.31347131729126,HD  42581,M1V,5.761231991098029,10.070640086358633,-3.613245779230013,-4.100606995564731,-1.8224355302872706,HD 42581,,
Gaia DR3 6305165514134625024,340.7628259061707,34.729673120631624,174.02530425165742,20.43537712097168,Gaia DR3 6305165514134625024,,5.746290772483887,23.205529767904974,4.45888805977324,-1.5559936395580956,3.273691907617431,Gaia DR3 6305165514134625024,,
Gaia DR3 3209938366665770752,206.94507777864078,-19.448853668653015,175.31313655111924,7.1082892417907715,HD  36395,M1.5Ve,5.704079110514413,9.915306945158061,-4.794705449947523,-2.4372379797373482,-1.8992601657951482,HD 36395,,
Gaia DR3 2091177593123254016,61.64255832851016,17.443075710413787,175.79296679952537,14.850961685180664,LSR J1835+3259,M8.5V,5.688509718027581,17.671645643350928,2.5776302839249774,4.775702717184106,1.7051769669355192,LSR J1835+3259,,
Gaia DR3 6882963066420161664,30.162930050068248,-34.21398469332615,177.93122142191174,10.081701278686523,LP  816-60,M4V,5.620149134079135,12.962835744324096,4.018267730705211,2.33520853263811,-3.160126871307198,LP 816-60,,
Gaia DR3 939072613334579328,182.9367281502412,15.131768291489415,179.06293491259635,8.863551139831543,HD 265866,M3V,5.584628669736241,11.7763868885779,-5.383918775814784,-0.2761977669603393,1.4578102715357475,HD 265866,,
Gaia DR3 470826482637310080,148.11329722678923,7.3097925724268835,181.24383901243414,9.70256519317627,G 175-34,M4.0V,5.517428925853836,12.675930770743408,-4.6467426140173576,2.890846519908584,0.7020052914730625,G 175-34,,
Gaia DR3 470826482637310848,148.11384333476076,7.312591500084071,181.2730074917688,12.336190223693848,EGGR 180,DC5,5.516541121244473,15.310360411575758,-4.6459933406043215,2.8903189580675384,0.7021596272051749,EGGR 180,,
Gaia DR3 3741297293732404352,351.5797144978092,72.40291065440832,183.99619525468464,7.610583305358887,HD 119850,M2V,5.434894991256835,10.659307772576046,1.625373874541476,-0.24060237270090126,5.180574662351403,HD 119850,,
Gaia DR3 3187115498866675456,206.43156845476716,-27.474529957956214,186.04662779359126,10.64930534362793,LP  656-38,M4.0Ve,5.374996643902873,13.753441060481316,-4.270286165518251,-2.1227218527515195,-2.4797775953503836,LP 656-38,,
Gaia DR3 5985290231327158144,328.039518915103,3.397674088461683,187.7289806878707,12.735929489135742,UCAC4 195-119117,M7.0V,5.326828049328511,15.885075212448136,4.511408326909451,-2.8147159929204597,0.3156989930342727,UCAC4 195-119117,,
Gaia DR3 1129149723913123456,126.842355017294,37.94706380219152,190.32514271529305,9.551337242126465,G 254-29,M4.0V,5.254166557993327,12.769155747398395,-2.484402305894519,3.3158559688901272,3.230961249408163,G 254-29,,
Gaia DR3 5278042880077383040,276.0492556016627,-14.39740535103145,191.83624032785028,20.009702682495117,2MASS J08173001-6155158,T6,5.212779390854349,23.267062218203414,0.5320879997593915,-5.020954147119837,-1.296136871919012,2MASS J08173001-6155158,,
Gaia DR3 3316364602541746048,204.5631248337365,-10.141706622834993,192.01346218785218,9.901327133178711,G  99-49,M3.5Ve,5.207968173719361,13.163303628895907,-4.662657872875788,-2.13110264021392,-0.9170363110894111,G 99-49,,
Gaia DR3 1695191332232990720,108.27371331158572,42.60511036537323,193.9412326077981,20.199527740478516,2MASS J15065257+7027247,T6,5.156201115944601,23.511452752889564,-1.1899962682452248,3.603761585331452,3.490447144094883,2MASS J15065257+7027247,,
Gaia DR3 660597997696173440,207.54957559829614,36.46245616529907,194.14430904826264,11.966279983520508,G   9-38A,M8Ve,5.150807689920019,15.283437771626662,-3.6728026267763547,-1.9159809561781846,3.0611040000049723,G 9-38A,,
Gaia DR3 4468557611984384512,29.889369542656695,11.364093305141948,195.5673545594233,3.9873640537261963,*  70 Oph A,K0V,5.113327846832172,7.341037347241134,4.3462865854584996,2.4981527150625387,1.0075453332126103, 70 Oph A,,
Gaia DR3 4468557611977674496,29.889117758056468,11.362329357806889,195.85633153170514,5.539218425750732,*  70 Oph B,K4V,5.105783367734121,8.900274436128552,4.339911653593914,2.494463168115662,1.0059046376990717, 70 Oph B,,
Gaia DR3 660597997697274752,207.5498251565348,36.461886388059725,196.2619260343735,12.485569953918457,G   9-38B,M7V,5.095231766067857,15.856969646068118,-3.6331924497869514,-1.895337754218998,3.0280347042578875,G 9-38B,,
Gaia DR3 1934263333784036736,100.6028815355133,-13.069679800657337,197.95730094675557,9.005234718322754,V* EV Lac,M4.0Ve,5.051594435857505,12.419640566653712,-0.9054194277896949,4.836720596695078,-1.1423466521477168,EV Lac,,
Gaia DR3 3195919254111314816,200.77989053642898,-38.04631487584379,199.45161859738874,9.775308609008789,* omi02 Eri C,M4.5V,5.013747228688031,13.227316147180915,-3.6915484716416342,-1.400805311447958,-3.0899636946275617,omi02 Eri C,,
Gaia DR3 3195919528989223040,200.7636590463469,-38.06384376355206,199.6080124181338,4.179893970489502,* omi02 Eri,K0V,5.009818934047725,7.635820567784544,-3.688169090343965,-1.3983278106248647,-3.088749560422068,omi02 Eri,,
Gaia DR3 3195919254111315712,200.78285628332029,-38.046311410168784,199.6910732720413,9.542240142822266,* omi02 Eri B,DA2.9,5.007735116119534,13.00024690654098,-3.6870495894170525,-1.3993164873047657,-3.0862582015692266,omi02 Eri B,,
Gaia DR3 5955305209191546112,345.9804273818201,-6.634267996050436,199.6944012807481,9.602152824401855,CD-44 11909,M3.5V,5.007651659668271,13.060242916356547,4.825955684203949,-1.2049971032129763,-0.5785402837541406,CD-44 11909,,
Gaia DR3 6562924609150908416,349.1679734468643,-46.3486873061909,201.3251983325545,7.7399468421936035,HD 204961,M1.5V,4.967088115558056,11.238703426339988,3.3675311271611674,-0.6443419693725839,-3.5939562993759084,HD 204961,,
Gaia DR3 625453654702751872,216.45507210375797,54.57786607088951,201.40642101948626,8.20409107208252,V* AD Leo,dM3,4.9650850004590925,11.7048644506431,-2.314635401882433,-1.7099329428617809,4.046067393043826,AD Leo,,
Gaia DR3 778947608243864320,168.51745433515103,63.061053342908586,203.83234385738783,12.25725269317627,BD+44  2051B,M6.0V,4.905992744211656,15.817890823781266,-2.178130124562941,0.44245462343624997,4.373642403412599,BD+44 2051B,,
Gaia DR3 778947814402602752,168.51541734202996,63.05225325061789,203.8875927696954,7.912664890289307,BD+44  2051,M1.0V,4.904663331473861,11.474658091070726,-2.17818226999811,0.44254585127961105,4.372115913752214,BD+44 2051,,
Gaia DR3 823773494718931968,165.8730678174903,52.140757555681255,205.31478196510724,5.9611735343933105,HD  88230,K6VeFe-1,4.870569914298463,9.558044220509316,-2.8987836014485477,0.7295728424373684,3.8454165430574863,HD 88230,,
Gaia DR3 4752399493622045696,260.5895210032772,-58.66762089352245,205.42508538452748,18.57292938232422,DENIS J025503.3-470049,L9,4.8679546518290975,22.17248554971049,-0.41389121075735824,-2.497279522977187,-4.158036981802975,DENIS J025503.3-470049,,
Gaia DR3 2441630500517079808,92.44469262293124,-67.73051079269763,206.35003920573322,11.773832321166992,G 158-27,M5.5V,4.846134286424773,15.39585112220082,-0.0783362142502367,1.8348361413719994,-4.484669139848981,G 158-27,,
Gaia DR3 5254061535106490112,288.2286054396942,-2.0129182024657415,206.96977507456424,11.859421730041504,L  143-23,M5.5V,4.83162335968976,15.496434642459686,1.5104434328120397,-4.586321343929358,-0.16970991836883695,L 143-23,,
Gaia DR3 2603090003484152064,52.003091280328114,-59.63526954587347,214.0379888743159,8.875059127807617,BD-15  6290,M3.5V,4.672067819639273,12.679975784725446,1.4539337927801437,1.8611573613664607,-4.031176939028136,BD-15 6290,,
Gaia DR3 2079073928612821760,78.85872507841353,8.505696390567548,214.5745030256979,11.908310890197754,G 208-45,M6V,4.660385954058287,15.72574501783184,0.8906162118069971,4.5222622278201285,0.6893071498843263,G 208-45,,
Gaia DR3 5332606522595645952,296.0287115925498,-2.85434406976176,215.67527344818546,11.423104286193848,LAWD 37,DQ,4.636600125791626,15.266122920420077,2.032115500855244,-4.16116059293285,-0.2308892320951554,LAWD 37,,
Gaia DR3 3757613049856225792,261.00346576013044,41.28590089870424,219.33021263059618,12.837447166442871,LP  731-58,M6.5V,4.559335387524727,16.764488308642445,-0.5357406571962177,-3.3838581283986864,3.008325994807138,LP 731-58,,
Gaia DR3 5951824121022278144,343.0020119148605,-6.781870651693907,219.64625138839503,8.336430549621582,CD-46 11540,M3V,4.552775172255158,12.270671139589004,4.323422805586882,-1.321636997033675,-0.5376361793127837,CD-46 11540,,
Gaia DR3 1637645127018395776,98.59590866887073,31.96614548794264,219.78977211974913,8.028639793395996,BD+68   946,M3.0V,4.549802251285675,11.966146404553747,-0.5769152195006559,3.8165173150955587,2.408747587209688,BD+68 946,,
Gaia DR3 3902874650601954816,288.73601543939867,71.39078877394005,223.47747382423316,11.240161895751953,Wolf  424 B,,4.474723930280812,15.260864069389902,0.45866514842333156,-1.3522682223786746,4.2407724754570815,Wolf 424 B,,
Gaia DR3 76868614540049408,147.6696585996839,-46.49674349533836,223.73208720990553,10.681061744689941,V* TZ Ari,M4.5V,4.4696315690373,14.707457298688414,-2.5998944906218937,1.6455127352679004,-3.241981313740088,TZ Ari,,
Gaia DR3 2306965202564744064,343.45220870816377,-75.91413912698518,230.09703402875448,7.682493686676025,HD 225213,M2V,4.345992568835256,11.84914829191259,1.013901175192689,-0.3012513534946983,-4.215317714874143,HD 225213,,
Gaia DR3 3902874650602495232,288.73527839232287,71.39100454696629,231.11849780261377,11.235116004943848,Wolf  424 A,,4.326784785759761,15.423917857474922,0.44347940909209516,-1.3075518737888348,4.100573215215743,Wolf 424 A,,
Gaia DR3 2552928187080872832,121.88940640931388,-57.49063693212851,231.7799995322092,12.299162864685059,Wolf   28,DZ7.5,4.314436111908938,16.50225515418456,-1.224946814583476,1.968770648998023,-3.6383796389092784,Wolf 28,,
Gaia DR3 4330690742322011520,3.3468663404745973,23.677060427794277,232.13898083974135,8.80187702178955,BD-12  4523,M3V,4.307764238399739,13.012707330089086,3.9384226361440264,0.23032040317446653,1.729916872172062,BD-12 4523,,
Gaia DR3 5393446658454453632,278.68120010460234,17.05948109603203,247.21558692230735,14.005882263183594,DENIS J104814.6-395606,M8.5Ve:,4.045052387065994,18.531335220685897,0.5836823356198998,-3.8227697291576312,1.186674067732872,DENIS J104814.6-395606,,
Gaia DR3 6439125097427143808,331.5248367093211,-23.51891781575615,249.6651458904217,14.005345344543457,SCR J1845-6357,M8.5V,4.005364851523572,18.580097432622715,3.2283317643379403,-1.7510295814840915,-1.5983482154883433,SCR J1845-6357,,
Gaia DR3 6583272171336048640,3.8964699913511365,-44.24225199226009,251.9124222107058,5.984104156494141,V* AX Mic,M1V,3.9696335386096013,10.603660707547004,2.837257163314527,0.19324917266242683,-2.7695878713880657,AX Mic,,
Gaia DR3 4810594479418041856,250.5655103797037,-35.975075941197616,254.19859326384577,8.063551902770996,HD  33793,M1VIp,3.9339320771222708,12.728280096661464,-1.05928338214559,-3.002228695082843,-2.310922579002359,HD 33793,,
Gaia DR3 35227046884571776,160.29098514957505,-37.03148650735191,260.98844068047276,12.263102531433105,NAME Teegarden's Star,dM6,3.831587320084787,17.059632190299453,-2.8795833909000086,1.0315513072161187,-2.307588088647548,Teegarden's Star,,
Gaia DR3 3139847906307949696,212.3606195804738,10.368418522256073,264.12689775460655,8.576388359069824,BD+05  1668,M3.5V,3.786058930389869,13.432685733993413,-3.145847039525983,-1.9933835561764088,0.681403424012515,BD+05 1668,,
Gaia DR3 2358524597030794112,149.72409200140982,-78.75488336509207,269.05730465038937,10.436525344848633,V* YZ Cet,M4.0Ve,3.71668036033956,15.385296341681236,-0.6259235248234502,0.3654072000922059,-3.645327176005902,YZ Cet,,
Gaia DR3 6412596012146801152,336.0938537067846,-48.15644160996179,270.6580324694526,18.030664443969727,* eps Ind B,T1V+T6V,3.694699140742713,23.009094270236066,2.2532821672918644,-0.9988064110865229,-2.752436551192757,eps Ind B,,
Gaia DR3 4848140361962951552,251.87112947999512,-52.90127171530708,272.16154083178225,10.995455741882324,L  372-58,M5.5V,3.674288427908632,16.00158376256169,-0.6896120531700705,-2.106276124124649,-2.9306025927321313,L 372-58,,
Gaia DR3 2452378776434477184,173.07230675129873,-73.44249209783607,273.80974511859966,3.3003997802734375,* tau Cet,G8V,3.652170961142576,8.33671637196738,-1.0331881905920544,0.12553623131872374,-3.5007307161306334,tau Cet,,
Gaia DR3 6412595290592307840,336.1656204933891,-48.05544038960672,274.8431415216296,4.322904109954834,* eps Ind,K5V,3.638438981826665,9.378055882329178,2.2245683054519176,-0.9827464293560066,-2.7062415883366113,eps Ind,,
Gaia DR3 703790044252850688,197.01600350396538,32.415292950069265,279.2496391012477,12.167454719543457,G  51-15,M6.5Ve,3.581025218934766,17.302134517416057,-2.8907075565049047,-0.884660951240764,1.9196162227804854,G 51-15,,
Gaia DR3 385334196532776576,116.7002219349396,-18.444110953249837,280.6947310460246,9.686646461486816,HD   1326B,M3.5V,3.5625891382907127,14.847134093675404,-1.518525068482264,3.0192218935733934,-1.1271300466339247,HD 1326B,,
Gaia DR3 385334230892516480,116.69059217677923,-18.446865404076224,280.706821579123,7.21856689453125,HD   1326,M2V,3.562435691353975,12.379269890091097,-1.5179278802482912,3.019298603235418,-1.127243962014549,HD 1326,,
Gaia DR3 2154880616774131712,89.2920255684552,24.237434840077615,283.8377678450057,8.524703979492188,HD 173740,M3.5V,3.5231393186056423,13.74086722434729,0.03969521022274601,3.2123367143039245,1.4463152431352813,HD 173740,,
Gaia DR3 2154880616774131840,89.29545974608443,24.23815171882776,283.8401180184389,7.854393005371094,HD 173739,M3V,3.5231101472943926,13.070597649996941,0.039502120460993995,3.2122943949860487,1.4463434628016327,HD 173739,,
Gaia DR3 1872046609345556480,82.34297369475966,-5.822177113164248,285.99494829578117,4.7667131423950195,*  61 Cyg A,K5V,3.4965652573897277,10.020732949266515,0.4634891216586356,3.4475116988984316,-0.3546963761408494, 61 Cyg A,,
Gaia DR3 1872046574983497216,82.3398800038688,-5.830395626717013,286.0053518616485,5.450644493103027,*  61 Cyg B,K7V,3.4964380683468383,10.704846180401255,0.46365161697429585,3.4473108066464135,-0.3551824126289801, 61 Cyg B,,
Gaia DR3 3796072592206250624,270.1569164022704,59.55565924524268,296.3053079139394,9.60099983215332,Ross  128,dM4,3.374897355164646,15.032100744236295,0.004683360481340747,-1.7100578062444696,2.9095725671194863,Ross 128,,
Gaia DR3 6553614253923452800,5.097226032224704,-65.98769321250967,304.1353692001036,6.522032260894775,HD 217987,M2V,3.2880095551861235,12.083545809523926,1.3327078304801896,0.11887596864802638,-3.003458868979236,HD 217987,,
Gaia DR3 5164707970261890560,195.84123603492446,-48.05499172220222,310.5772928005821,3.465751886367798,* eps Eri,K2V,3.2198104084901273,9.132064958978187,-2.0704403232751196,-0.5874853072727441,-2.394852176673213,eps Eri,,
Gaia DR3 1926461164913660160,109.98933805855953,-16.947350494260327,316.48118678226916,10.379277229309082,Ross  248,M5.0V,3.159745481768476,16.139745291225083,-1.0332366590515025,2.8404388833431207,-0.9210431401084717,Ross 248,,
Gaia DR3 4075141768785646848,11.307625151239241,-10.287475752633519,336.0266016683708,9.12641429901123,CD-23 14742,M3.5Ve,2.9759548649868903,15.186515011377534,2.8712748415049405,0.574134716849017,-0.5314672801674828,CD-23 14742,,
Gaia DR3 5140693571158739840,175.52059241295885,-75.6869385406657,367.71189618147696,10.50754165649414,G 272-61A,M5.5V,2.7195203918735054,17.018189430247048,-0.6702659605529949,0.052508692649759305,-2.6351048444295357,G 272-61A,,
Gaia DR3 5140693571158946048,175.5190466595442,-75.6864408461554,373.8443122683992,10.817837715148926,G 272-61B,M6V,2.674910296032687,17.411183952157664,-0.6592921953346871,0.0516669028478694,-2.591873728433265,G 272-61B,,
Gaia DR3 2947050466531873024,227.2344521579568,-8.892834154293482,374.48958852876103,8.52413272857666,* alf CMa B,DA1.9,2.6703012063129745,15.126101806533839,-1.7913391707415036,-1.9368051354176195,-0.4127933807894738,alf CMa B,,
Gaia DR3 762815470562110464,185.1695098360815,65.4339878357637,392.75294543876464,6.551171779632568,HD  95735,M2+V,2.5461298549469777,13.391224732859243,-1.0542259004877752,-0.09537644341995212,2.3156615303264028,HD 95735,,
Gaia DR3 3864972938605115520,244.05115057496633,56.09885280026159,415.17941567802137,11.03839111328125,Wolf  359,dM6,2.408597252748958,18.156093952037427,-0.5878398507830171,-1.207986195135056,1.9991384114523836,Wolf 359,,
Gaia DR3 4472832130942575872,31.049417957939717,14.08660366802383,546.975939730948,8.193974494934082,NAME Barnard's star,M4V,1.828233981355542,16.690147642933297,1.519189682477034,0.9146055544173884,0.44497064966953237,Barnard's star,,
Gaia DR3 5853498713190525696,313.92549558326704,-1.9177544232946377,768.0665391873573,8.984748840332031,NAME Proxima Centauri,M5.5Ve,1.3019705311704333,19.17827975519934,0.902700219825327,-0.9372092654532994,-0.04357028703156921,Proxima Centauri,,
,0.0,0.0,,, ,G2V,0.0,,0.0,0.0,0.0,,4.83,Sol
,315.7341713,-0.67965625,742.12,,* alf Cen A,G2V,1.347490972,,0.964882715,-0.940466789,-0.015983886,,4.38,Alpha Centauri A
,315.7300838,-0.68171325,742.12,,* alf Cen B,K1V,1.347490972,,0.964815207,-0.940535221,-0.016032259,,5.71,Alpha Centauri B
,227.2302913,-8.89028121,379.21,,* alf CMa,A0mA1Va,2.637061259,,-1.769191784,-1.912580616,-0.407538835,,1.43,Sirius A (Alpha Canis Majoris A)
,213.7022414,13.01939682,284.56,,* alf CMi,F5IV-V+DQZ,3.514197357,,-2.848420861,-1.899821565,0.791681554,,2.68,Procyon A (Alpha Canis Minoris A)
,213.7025875,13.0181154,284.56,,* alf CMi B,DQZ,3.514197357,,-2.848424114,-1.899848596,0.79160498,,11.3,Procyon B (Alpha Canis Minoris B)
,47.74412569,-8.90918816,194.95,,* alf Aql,A7Vn,5.12952039,,3.407692759,3.750804414,-0.794402755,,2.22,Altair (Alpha Aquilae)
,67.44820813,19.23725227,130.23,,* alf Lyr,A0V,7.678722261,,2.780493279,6.695579415,2.529989917,,0.582,Vega (Alpha Lyrae)
,20.48814538,-64.90960178,129.81,,* alf PsA,A4V,7.703566751,,3.060044424,1.14338215,-6.976657228,,1.74,Fomalhaut (Alpha Piscis Austrini)
,192.2292878,23.4062689,96.54,,* bet Gem,K0IIIb,10.35840066,,-9.290306923,-2.013606909,4.11485708,,1.09,Pollux (Beta Geminorum)
,250.6402998,70.7997549,90.91,,* bet Leo,A3Va,10.99989,,-1.199206359,-3.412991316,10.38802072,,2.113,Denebola (Beta Leonis)
,15.05005923,69.11129459,88.83,,* alf Boo,K1.5IIIFe-0.5,11.25745807,,3.876210723,1.042258173,10.51755915,,-0.3,Arcturus A (Alpha Bootis A)
,15.04987403,69.11128528,88.83,,* alf Boo B, ,11.25745807,,3.876215743,1.042246087,10.5175585,,,Arcturus B (Alpha Bootis B)
,162.588476,4.56643053,76.2,,* alf Aur,G3III,13.12335958,,-12.48230058,3.914473209,1.044814961,,,Capella (Alpha Aurigae)
,142.2449314,-39.68169882,55.6,,* bet Ari,kA4hA5mA5Va,17.98561151,,-10.94380968,8.475151457,-11.48420911,,,Sheratan (Beta Arietis)
,319.4535681,24.07603164,55.45,,* tet Cen,K0-IIIb,18.0342651,,12.51169765,-10.70354699,7.35705251,,,Menkent (Theta Centauri)
,144.5784127,-36.2055366,49.56,,* alf Ari,K2-IIIbCa-1,20.17756255,,-13.26781879,9.436473612,-11.91855615,,,Hamal (Alpha Arietis)
,180.9719114,-20.24829666,48.94,,* alf Tau,K5+III,20.43318349,,-19.16768792,-0.325173714,-7.071703423,,,Aldebaran (Alpha Tauri)
,226.4273528,48.93420887,41.13,,* alf Leo,B8IVn,24.31315342,,-11.00902748,-11.57167446,18.33104179,,,Regulus (Alpha Leonis)
,168.9182175,-49.38207626,40.97,,* gam Cet B,F4V,24.40810349,,-15.59367417,3.054208624,-18.52740272,,,Gamma Ceti B
,272.0788018,-7.3708993,40.49,,* del01 Vel,A2IV+A4V,24.69745616,,0.888471832,-24.47724799,-3.168483754,,,Delta-1 Velorum
,272.0785115,-7.370747844,40.49,,* del02 Vel,F8V,24.69745616,,0.888348117,-24.47726087,-3.168419008,,,Delta-2 Velourm
Gaia DR2 196656661174768512,167.456845,10.40944132,40.21,1.7141,* bet Aur,A1IV-Vp,24.86943546,,-23.87633013,5.31212555,4.493439885,,0.674,Menkalinan (Beta Aurigae)
Gaia DR2 1576850723935774976,120.3015852,60.71429134,39.3,7.2151,*  78 UMa B,,25.44529262,,-6.280124613,10.74646268,22.19316317,,2.84,78 Ursae Majoris B
,6.721185917,14.00777839,36.91,,* eta Oph A,A2(V),27.09292875,,26.10660215,3.076607833,6.55794146,,,Eta Ophiuchi A
,6.721089292,14.00784709,36.91,,* eta Oph B,A3(V),27.09292875,,26.10659953,3.076562886,6.557972979,,,Eta Ophiuchi B
,300.1692109,5.64975178,36.83,,* gam Cru,M3.5III,27.15177844,,13.57898912,-23.35990435,2.673012518,,,Gacrux (Gamma Crucis)
Gaia DR2 239863001382455424,148.9765259,-14.90026143,36.27,,* bet Per,B8V,27.57099531,,-22.83267119,13.73198794,-7.089528606,,,Algol (Beta Persei)
,111.3302566,-80.68107456,33.86,,* bet Cet,G9.5IIICH-1,29.53337271,,-1.73954089,4.454739339,-29.14359962,,,Diphda (Beta Ceti)
,111.7322278,-32.84335675,33.62,,* alf And,B8IV-VHgMn,29.74419988,,-9.252949235,23.21361869,-16.13159212,,,Alpheratz (Alpha Andromedae)
,196.7736035,4.45259007,29.84,,* gam Gem,A1.5IV+,33.51206434,,-31.98937267,-9.642082173,2.601680977,,,Alhena (Gamma Geminorum)
,285.9784066,-14.40732174,28.82,,* bet Car,A1III-,34.6981263,,9.251146333,-32.30853171,-8.633367762,,,Miaplacidus (Alpha Carinae)
,142.8487452,51.00858891,26.54,,* alf UMa A,G9III,37.67897513,,-18.89612595,14.31761828,29.28561759,,,Dubhe (Alpha Ursae Majoris A)
,142.8490763,51.00862381,26.54,,* alf UMa A,A7.5,37.67897513,,-18.89619447,14.31749831,29.28563203,,,Alpha Ursae Majoris B
Gaia DR2 6541802402371581568,348.2413085,-63.2971917,25.2088,6.5035,* tet Gru B,,39.66868713,,17.45155321,-3.632690227,-35.43799643,,,Theta Gruis B
,112.6472127,40.5026351,24.91,,* bet UMi,K4-III,40.14452027,,-11.75380679,28.1712548,26.07318425,,,Kochab (Beta Ursae Minoris)
,177.9944034,-3.74540398,24.36,,* bet Tau,B7III,41.05090312,,-40.93813169,1.43359475,-2.681571637,,,Elnath (Beta Tauri)
,290.8412417,-58.79200969,23.39,,* alf Eri,B6Vpe,42.75331338,,7.881400755,-20.70303077,-36.5665673,,,Achernar (Alpha Eridani)
,359.1938296,-9.80759182,22.76,,* eps Sgr,B9IVp_lB?,43.93673111,,43.29032504,-0.609149264,-7.484185696,,,Kaus Australis (Epsilon Sagittarii)
Gaia DR2 3459624576729187840,292.8644086,22.92579272,21.75,6.4281,*  89 Cen,F7V,45.97701149,,16.45333365,-39.01809481,17.90982063,,,89 Centauri
,290.9846967,44.501664,21.23,,* gam Crv,B8III,47.10315591,,12.03113287,-31.36721145,33.01601406,,,Gienah (Gamma Corvi)
,79.05496371,29.21733609,21.14,,* gam Dra,K5III,47.30368969,,7.838754343,40.53445889,23.0900548,,,Eltanin (Gamma Draconis)
Gaia DR2 6515008644030385792,341.6252604,-59.00947966,20.97,6.9989,HD 216655,G3/6,47.68717215,,23.30206511,-7.740156825,-40.87994767,,,HD 216655
,174.3383906,6.72933251,19.7,,* tet Aur,A0VpSi,50.76142132,,-50.16580159,4.973266847,5.948181441,,,Mahasim (Theta Aurigae)
,263.8325574,-41.41538337,19.34,,* alf Dor,B8IIIpSi,51.70630817,,-4.165908751,-38.55186147,-34.2044074,,,Alpha Doradus
Gaia DR2 4432032213656434176,17.12318,31.844887,18.84,6.4521,* lam Oph B,A4V,53.07855626,,43.0905281,13.27546268,28.00538544,,,Lambda Ophiuchi B
,346.2669211,-57.95405404,18.43,,* bet Gru,M4.5III,54.25935974,,27.96692894,-6.83471061,-45.9914746,,,Tiaki (Beta Gruis)
,340.9043247,-35.19310697,18.24,,* alf Pav,B2IV,54.8245614,,42.33804219,-14.6572828,-31.59725902,,,Peacock (Alpha Pavonis)
Gaia DR2 1407474737248225920,71.60659612,39.96025448,18.1,8.2889,*  52 Her B,,55.24861878,,13.36232858,40.18408669,35.48376009,,,52 Herculis B
,241.4881421,29.04545375,18.09,,* alf Hya,K3IIIa,55.27915976,,-23.06842461,-42.46579184,26.83821552,,,Alphard (Alpha Hydrae)
,295.5061894,-70.1981035,17.63,,* bet Phe,G8III,56.72149745,,8.274272972,-17.3428795,-53.36749207,,,Beta Phoenicis
Gaia DR2 6413081274731392256,339.1078139,-48.12271755,17.34,4.2507,* del Ind,F0IV,57.67012687,,35.96591026,-13.72842571,-42.93980857,,,Delta Indi
Gaia DR2 6913299245065236096,42.13394361,-29.17822656,17.21,7.1214,*   4 Aqr B,F6:V:,58.10575247,,37.62217959,34.0347551,-28.32817534,,,4 Aquarii
Gaia DR2 1210043543151367680,31.41575429,50.45151187,17.16,4.4591,* iot Ser,A1V,58.27505828,,31.6661431,19.34104954,44.93508208,,,Iota Serpentis
,95.74856001,-29.04492297,16.64,,* bet Peg,M2.5II-III,60.09615385,,-5.262408753,52.27420694,-29.17639543,,,Scheat (Beta Pegasi)
,127.1075879,-27.10282071,16.52,,* bet And,M0+IIIa,60.53268765,,-32.50992551,42.9739963,-27.57801044,,,Mirach (Beta Andromedae)
Gaia DR2 2408350860523978368,58.78603854,-66.08253494,15.3,5.0481,*  97 Aqr,A3V,65.35947712,,13.73223116,22.66214437,-59.74708604,,,97 Aquarii
,63.01673998,-3.002494564,14.71,,*  16 Vul A,,67.98096533,,30.80267174,60.49733657,-3.560804547,,,16 Vulpeculae A
,63.01674201,-3.002733294,14.71,,*  16 Vul B,,67.98096533,,30.80266286,60.49732444,-3.561087409,,,16 Vulpeculae B
,9.55591875,-12.43515675,14.32,,* sig Sgr, ,69.83240223,,67.24789866,11.32091946,-15.03733057,,,Nunki (Sigma Sagittarii)
,173.3159829,-45.59569258,13.09,,* alf Cet,M1.5IIIa,76.39419404,,-53.09099958,6.221745224,-54.57754606,,,Menkar (Alpha Ceti)
,316.1123475,50.84455481,13.06,,* alf Vir,B1V,76.56967841,,34.84451805,-33.51716886,59.37486509,,,Spica (Alpha Virginis)
,196.9278456,-15.95320119,12.92,,* gam Ori,B2III,77.3993808,,-71.19407195,-21.6682125,-21.27338327,,,Bellatrix (Gamma Orionis)
Gaia DR2 2232894437095139712,116.4187794,13.84166561,12.1458,6.7112,* pi. Cep B,F3V,82.33298753,,-35.56853028,71.5934104,19.69731144,,,Pi Cephei B
Gaia DR2 613339647904722432,223.5279862,44.19521584,11.81,6.378,*  19 Leo,A7Vn,84.67400508,,-44.01606084,-41.81056197,59.02669254,,,19 Leonis
,245.5651465,34.16949039,11.75,,* gam Sex A,A1V,85.10638298,,-29.12787495,-64.10835535,47.79939434,,,Gamma Sextantis A
,245.5652257,34.16964144,11.75,,* gam Sex B,A4V,85.10638298,,-29.12773421,-64.10828088,47.79957997,,,Gamma Sextantis B
,302.4622577,3.17958611,11.71,,* bet Cru,B1IV,85.3970965,,45.76581191,-71.94247024,4.736615491,,,Mimosa (Beta Crucis)
,347.1389243,-5.97573171,10.86,,* tet Sco,F1III,92.08103131,,89.28315276,-20.38474484,-9.586299508,,,Sargas (Theta Scorpii A)
,347.139327,-5.973979789,10.86,,* tet Sco B,,92.08103131,,89.28358175,-20.38418256,-9.58349926,,,Theta Scorpii B
Gaia DR2 6103094140452223872,322.7740042,16.6691349,10.67,2.2547,* eta Cen,B2Ve,93.72071228,,71.48965329,-54.3147413,26.88327099,,,Eta Centauri
Gaia DR2 2718603526867397504,84.23213771,-42.55381473,10.6,5.7364,*  52 Peg,F0V,94.33962264,,6.984082489,69.14273776,-63.80022575,,,52 Pegasi
,261.2121021,-25.29220544,10.55,,* alf Car,A9II,94.78672986,,-13.09307953,-84.69447171,-40.49619596,,,Canopus (Alpha Carinae)
,289.2719762,27.40633689,10.53,,* bet Hya A,,94.96676163,,27.82612474,-79.58370142,43.71300798,,,Beta Hydrae A
,289.2720252,27.40651313,10.53,,* bet Hya B, ,94.96676163,,27.82614842,-79.58355069,43.71326731,,,Beta Hydrae B
Gaia DR2 6679362821813065856,358.3382819,-34.43627497,10.47,5.589,* kap02 Sgr,A5V,95.51098376,,78.74009534,-2.284296351,-54.01043783,,,Kappa-2 Sagittarii
,138.4515534,-62.52249212,9.93,,*  42 Cet B,A7IV:,100.7049345,,-34.77440188,30.81825008,-89.34461526,,,42 Ceti B
Gaia DR2 3300128870245724032,183.5955792,-28.93563824,9.83,7.2103,*  47 Tau B,A7V:,101.7293998,,-88.85463432,-5.583376846,-49.2194133,,,47 Tauri B
,326.8569617,8.045936633,9.72,,* mu01. Lup,B7V,102.8806584,,85.29485075,-55.69435592,14.39989703,,,Mu-1 Lupi
,326.8568754,8.046233261,9.72,,* mu02.Lup,B7V,102.8806584,,85.29470444,-55.69444363,14.40042441,,,Mu-2 Lupi
Gaia DR2 5657043095060156416,259.8910232,19.05838708,9.61,4.5444,* tet Ant,A7V+G8III,104.0582726,,-17.26326947,-96.82757049,33.97830519,,,Theta Antliae
Gaia DR2 5769608209294672768,303.0132619,-22.2521741,9.27,5.5603,* iot Oct,K0III,107.8748652,,54.39668961,-83.72112547,-40.85045706,,,Iota Octantis
,172.6274552,41.63317506,9.1,,* kap UMa,A1Vn,109.8901099,,-81.45434059,10.53938425,73.00649307,,,Alkaphrah (Kappa Ursae Majoris A)
Gaia DR2 5588312348336552576,248.9786038,-6.66999781,9.05,4.4051,* f Pup,B8IV/V,110.4972376,,-39.36890835,-102.4451493,-12.8343271,,,f Puppis
,334.6134359,27.27613174,8.84,,*  59 Hya A,,113.1221719,,90.8349788,-43.10551845,51.84155371,,,59 Hydrae A
,334.6135044,27.27627473,8.84,,*  59 Hya B,,113.1221719,,90.83491345,-43.10535438,51.84180463,,,59 Hydrae B
Gaia DR2 1274286186493145728,49.68498559,54.71423225,8.69,5.3488,* tet CrB,B6Vnne,115.0747986,,43.00767634,50.68597909,93.93338372,,,Theta Coronae Borealis
Gaia DR2 418090121095577216,120.0511271,-8.239428334,8.64,4.5957,* lam Cas,B8Vn,115.7407407,,-57.36152024,99.1486403,-16.58680771,,,Lambda Cassiopeiae
Gaia DR2 1415230383033121024,79.57896485,33.31025588,8.58,2.3791,* bet Dra,G2Ib-IIa,116.5501166,,17.61809475,95.79535676,64.0061093,,,Rastaban (Beta Draconis)
,314.0687425,14.19250098,8.54,,* zet Cen,B2.5IV,117.0960187,,78.95689092,-81.56618403,28.70966045,,,Leepwal (Zeta Centauri)
,321.5357955,-15.25882552,8.35,,* alf TrA,K2III_Ba1,119.760479,,90.46631976,-71.86792657,-31.51854153,,,Atria (Alpha Trianguli Australis)
,311.7669621,1.25110442,8.32,,* bet Cen A,B1III,120.1923077,,80.04131111,-89.62528888,2.624297621,,,Hadar (Beta Centauri A)
,311.7667322,1.251016712,8.32,,* bet Cen B,,120.1923077,,80.04095416,-89.62561304,2.624113676,,,Beta Centauri B
,136.9645847,-18.55901423,8.3,,* gam01 And,K2+IIb,120.4819277,,-83.48444133,77.94703257,-38.34713907,,,Almach (Gamma Andromedae A)
,185.1101254,-26.87634135,8.24,,* r Tau,A3V,121.3592233,,-107.8202597,-9.641908055,-54.86243065,,,r Tauri
Gaia DR2 66714384141781760,166.668257,-23.4552146,8.09,2.773,* eta Tau,B7III,123.6093943,,-110.3398619,26.14779299,-49.20050985,,,Alycone (Eta Tauri)
,239.8310616,-11.32975253,8.05,,* eps CMa,B1.5II,124.2236025,,-61.21217334,-105.3043164,-24.40438894,,,Adhara (Epsilon Canis Majoris A)
Gaia DR2 1931392955600422016,102.5170448,-15.75864716,7.74,4.9517,*   2 And,A1V,129.1989664,,-26.94884774,121.3874921,-35.08859197,,,2 Andromedae
,310.1919226,8.72102498,7.63,,* eps Cen,B1III,131.061599,,83.60270899,-98.95874106,19.87202398,,,Epsilon Centauri
,123.2805497,26.46139598,7.54,,* alf UMi,F8Ib,132.6259947,,-65.15255865,99.2587053,59.09744488,,,Polaris (Alpha Ursae Minoris)
Gaia DR2 1753792926878732672,54.65801955,-16.21304332,6.986,7.8792,*   1 Del B,,143.1434297,,79.50907009,112.1204055,-39.9670353,,,1 Delphini B
,350.0969283,22.49042547,6.64,,* del Sco,B0.3IV,150.6024096,,137.0748208,-23.93095862,57.60979521,,,Dschubba (Delta Scorpii A)
,226.05985,-14.26804642,6.62,,* bet CMa,B1II-III,151.0574018,,-101.5863863,-105.4159254,-37.22938957,,,Mirzam (Beta Canis Majoris)
Gaia DR2 1004750291151290624,155.3538504,19.53654099,6.57,6.9527,*   4 Lyn B,,152.2070015,,-130.3765096,59.81809905,50.89923454,,,4 Lyncis B
,199.7872362,-8.95860329,6.55,,* alf Ori,M1-M2Ia-Iab,152.6717557,,-141.9049746,-51.05322767,-23.77416957,,,Betelgeuse (Alpha Orionis)
Gaia DR2 3558140097022673664,272.4902095,38.45435781,6.5,6.0792,* psi Crt,A0V,153.8461538,,5.234587876,-120.3637372,95.67553976,,,Psi Crateris
Gaia DR2 3684306371953952896,308.9912471,59.06182511,6.45,6.7093,*  48 Vir,A9IV,155.0387597,,50.15203997,-61.95196045,132.980241,,,48 Virginis
,146.5686595,-5.862434653,6.44,,* alf Per,F5Ib,155.2795031,,-128.9102403,85.1018497,-15.86030261,,,Mirfak (Alpha Persei)
,160.867976,47.69781229,6.41,,* phi UMa,A3IV,156.0062402,,-99.19905409,34.41285754,115.3830573,,,Phi Ursae Majoris
Gaia DR2 4082115215097592704,15.8857341,-13.2936986,6.4,2.6363,* pi. Sgr,F2II-III,156.25,,146.2557822,41.62268761,-35.92854772,,,Albaldah (Pi Sagittarii A)
,157.533258,-28.4669882,6.05,,* 52 Ari,B7Vn,165.2892562,,-134.2760565,55.52767079,-78.78551038,,,52 Arietis
Gaia DR1 1083911928599887488,156.5871261,33.69390057,5.9995,6.4334,*  56 Cam,A7Vm,166.6805567,,-127.262219,55.1052327,92.46701534,,,56 Camelopardalis A
,156.5871261,33.69390057,5.9995,,*  56 Cam B,,166.6805567,,-127.262219,55.1052327,92.46701534,,,56 Camelopardalis B
,265.9349877,2.82111751,5.99,,* lam Vel,K4Ib,166.9449082,,-11.82010537,-166.3231003,8.216677216,,,Suhail (Lambda Velorum)
,351.9471374,15.0643217,5.89,,* alf Sco, M1.5Iab+B2Vn,169.7792869,,162.3281446,-22.9664792,44.12618925,,,Antares A (Alpha Scorpii A)
,351.94738,15.06582,5.89,,* alf Sco B,B2.5V,169.7792869,,162.3270992,-22.96563023,44.13047644,,,Antares B (Alpha Scorpii B)
,351.7443622,-2.21436679,5.71,,* lam Sco,B2IV+DA7.9,175.1313485,,173.1870859,-25.12833217,-6.76678999,,,Shaula (Lambda Scorpii)
,351.2739547,-1.844571008,5.66,,* ups Sco,B2IV,176.6784452,,174.5429057,-26.79002434,-5.686974644,,,Lesath (Upsilon Scorpii)
Gaia DR2 3396380255582857728,190.0929164,-7.313467209,5.13,4.6906,* 126 Tau,B3IV,194.9317739,,-190.3538596,-33.88290669,-24.81437564,,,126 Tauri
Gaia DR2 1753792931170644352,54.65784241,-16.21320804,5.001,6.1563,*   1 Del A,,199.960008,,111.0682505,156.6228316,-55.83132757,,,1 Delphini A
Gaia DR2 1765433632573306496,65.57098405,-31.45753564,4.73,1.7076,* eps Peg,K2Ib-II,211.4164905,,74.58407385,164.1985949,-110.3311825,,,Enif (Epsilon Pegasi)
Gaia DR2 1635100685312454144,95.57222941,38.15516621,4.5535,4.465789,* g Dra,K0IIICN-0.5CH-2Ca1,219.611288,,-16.768216,171.873233,135.6743769,,,g Draconis
,126.1122235,-15.51837369,4.55,,* phi And A,,219.7802198,,-124.8094748,171.0798329,-58.80162213,,,Phi Andromedae A
,126.1123179,-15.51843416,4.55,,* phi And B,,219.7802198,,-124.8097201,171.0795772,-58.80184563,,,Phi Andromedae B
Gaia DR2 3276975216951401216,182.0709601,-34.87494491,4.482,6.1716,*  31 Tau,B3.5V+,223.1146809,,-182.9241718,-6.61468831,-127.5741123,,,31 Tauri
,241.9382104,28.63170052,4.26,,*  29 Hya A,,234.741784,,-96.92468529,-181.8155292,112.4829938,,,29 Hydrae A
,241.9381432,28.63177987,4.26,,*  29 Hya B,,234.741784,,-96.92482525,-181.815278,112.4832792,,,29 Hydrae B
Gaia DR1 2046564629647401600,67.97253018,7.439185443,3.79,4.6683,*  8 Cyg,B3IV,263.8522427,,98.12512277,242.5333535,34.1619486,,,8 Cygni
,209.2411851,-25.24534825,3.78,,* bet Ori,B8Ia,264.5502646,,-208.7914555,-116.8866401,-112.8294464,,,Rigel (Beta Orionis)
Gaia DR2 6161403234933132032,311.2200858,22.8261934,3.6,3.3537,* d Cen,G8II/III,277.7777778,,168.7077393,-192.5770388,107.7602739,,,d Centauri
Gaia DR2 5922299343254265088,334.6447107,-11.47857356,2.93,3.1639,* gam Ara,B1Ib,341.2969283,,302.2510621,-143.2304227,-67.91858906,,,Gamma Arae
,262.8025556,-7.68581861,2.92,,* gam02 Vel,WC8+O7.5III-V,342.4657534,,-42.52172157,-336.7148671,-45.80167847,,,Regor (Gamma-2 Velorum)
Gaia DR2 6863409385992156800,30.93999052,-30.49583194,2.87,5.2188,* tau Cap,B7III,348.4320557,,257.5109382,154.3613316,-176.8207949,,,Tau-2 Capricorni
Gaia DR1 5305373436309149952,280.020756,-5.426700469,2.46,3.9648,* h Car,B5II,406.504065,,70.41668023,-398.5086006,-38.44400244,,,h Carinae
Gaia DR2 6098143932950518528,321.4096051,12.90437453,2.39,5.1057,* a Lup,G8III,418.4100418,,318.7801009,-254.3913266,93.44122943,,,a Lupis
,84.28473664,1.99754611,2.31,,* alf Cyg,A2Ia,432.9004329,,43.08411658,430.486761,15.08947805,,,Deneb (Alpha Cygni)
Gaia DR2 5249119024113010688,285.0384475,-8.81967298,2.27,2.7888,* ups Car,A9,440.5286344,,112.9511737,-420.4108734,-67.54411615,,,Upsilon Carinae
Gaia DR2 5515464136727687296,265.1428603,-5.280716611,2.1039,5.4519,*  33 Vel A,B1.5V,475.3077618,,-40.07424821,-471.5908006,-43.74516968,,,33 Velorum A
,238.4174677,-8.266554736,2.03,,* del CMa,F8Ia,492.6108374,,-255.3126312,-415.288395,-70.82687713,,,Wezen (Delta Canis Majoris)
Gaia DR2 5515197573870551680,264.9775627,-6.49696556,1.9,5.2385,* B Vel,B2III,526.3157895,,-45.78085159,-520.927894,-59.55294373,,,B Velorum
,205.2120715,-17.24172893,1.65,,* eps Ori,B0Ia,606.0606061,,-523.6854011,-246.562423,-179.6386107,,,Alnilam (Epsilon Orionis)
Gaia DR2 2971266110610441856,220.9471265,-25.14135151,1.47,2.3895,* alf Lep,F0Ib,680.2721088,,-465.1414887,-403.5883314,-289.0155642,,,Arneb (Alpha Leporis)
